D:\ONEDRIVE - SAMTEL AVIONICS LIMITED\SAMTEL PROJECT\IAT\IAT REFERENCE DOCUMENTATION\IAT SW APPLICATION\IAT SOFTWARE APPLICATION 25 AUG CURRENT\X64\DEBUG\ATI_UT.BSC
D:\ONEDRIVE - SAMTEL AVIONICS LIMITED\SAMTEL PROJECT\IAT\IAT REFERENCE DOCUMENTATION\IAT SW APPLICATION\IAT SOFTWARE APPLICATION 25 AUG CURRENT\X64\DEBUG\DLG_ISIS_SWCHK.SBR
D:\ONEDRIVE - SAMTEL AVIONICS LIMITED\SAMTEL PROJECT\IAT\IAT REFERENCE DOCUMENTATION\IAT SW APPLICATION\IAT SOFTWARE APPLICATION 25 AUG CURRENT\X64\DEBUG\DLG_ISIS_SWCHK.OBJ
D:\ONEDRIVE - SAMTEL AVIONICS LIMITED\SAMTEL PROJECT\IAT\IAT REFERENCE DOCUMENTATION\IAT SW APPLICATION\IAT SOFTWARE APPLICATION 25 AUG CURRENT\X64\DEBUG\MOUSE.SBR
D:\ONEDRIVE - SAMTEL AVIONICS LIMITED\SAMTEL PROJECT\IAT\IAT REFERENCE DOCUMENTATION\IAT SW APPLICATION\IAT SOFTWARE APPLICATION 25 AUG CURRENT\X64\DEBUG\MOUSE.OBJ
D:\ONEDRIVE - SAMTEL AVIONICS LIMITED\SAMTEL PROJECT\IAT\IAT REFERENCE DOCUMENTATION\IAT SW APPLICATION\IAT SOFTWARE APPLICATION 25 AUG CURRENT\X64\DEBUG\PLXINIT.SBR
D:\ONEDRIVE - SAMTEL AVIONICS LIMITED\SAMTEL PROJECT\IAT\IAT REFERENCE DOCUMENTATION\IAT SW APPLICATION\IAT SOFTWARE APPLICATION 25 AUG CURRENT\X64\DEBUG\PLXINIT.OBJ
D:\ONEDRIVE - SAMTEL AVIONICS LIMITED\SAMTEL PROJECT\IAT\IAT REFERENCE DOCUMENTATION\IAT SW APPLICATION\IAT SOFTWARE APPLICATION 25 AUG CURRENT\X64\DEBUG\SPLACH.SBR
D:\ONEDRIVE - SAMTEL AVIONICS LIMITED\SAMTEL PROJECT\IAT\IAT REFERENCE DOCUMENTATION\IAT SW APPLICATION\IAT SOFTWARE APPLICATION 25 AUG CURRENT\X64\DEBUG\SPLACH.OBJ
D:\ONEDRIVE - SAMTEL AVIONICS LIMITED\SAMTEL PROJECT\IAT\IAT REFERENCE DOCUMENTATION\IAT SW APPLICATION\IAT SOFTWARE APPLICATION 25 AUG CURRENT\X64\DEBUG\XTPAGERCTRL.SBR
D:\ONEDRIVE - SAMTEL AVIONICS LIMITED\SAMTEL PROJECT\IAT\IAT REFERENCE DOCUMENTATION\IAT SW APPLICATION\IAT SOFTWARE APPLICATION 25 AUG CURRENT\X64\DEBUG\XTPAGERCTRL.OBJ
D:\ONEDRIVE - SAMTEL AVIONICS LIMITED\SAMTEL PROJECT\IAT\IAT REFERENCE DOCUMENTATION\IAT SW APPLICATION\IAT SOFTWARE APPLICATION 25 AUG CURRENT\X64\DEBUG\DIALOG_SMFD_VISUAL_RC.SBR
D:\ONEDRIVE - SAMTEL AVIONICS LIMITED\SAMTEL PROJECT\IAT\IAT REFERENCE DOCUMENTATION\IAT SW APPLICATION\IAT SOFTWARE APPLICATION 25 AUG CURRENT\X64\DEBUG\DIALOG_SMFD_VISUAL_RC.OBJ
D:\ONEDRIVE - SAMTEL AVIONICS LIMITED\SAMTEL PROJECT\IAT\IAT REFERENCE DOCUMENTATION\IAT SW APPLICATION\IAT SOFTWARE APPLICATION 25 AUG CURRENT\X64\DEBUG\MESSAGEBOX_DLG.SBR
D:\ONEDRIVE - SAMTEL AVIONICS LIMITED\SAMTEL PROJECT\IAT\IAT REFERENCE DOCUMENTATION\IAT SW APPLICATION\IAT SOFTWARE APPLICATION 25 AUG CURRENT\X64\DEBUG\MESSAGEBOX_DLG.OBJ
D:\ONEDRIVE - SAMTEL AVIONICS LIMITED\SAMTEL PROJECT\IAT\IAT REFERENCE DOCUMENTATION\IAT SW APPLICATION\IAT SOFTWARE APPLICATION 25 AUG CURRENT\X64\DEBUG\SIPU_SDU_GNDRIG.SBR
D:\ONEDRIVE - SAMTEL AVIONICS LIMITED\SAMTEL PROJECT\IAT\IAT REFERENCE DOCUMENTATION\IAT SW APPLICATION\IAT SOFTWARE APPLICATION 25 AUG CURRENT\X64\DEBUG\SIPU_SDU_GNDRIG.OBJ
D:\ONEDRIVE - SAMTEL AVIONICS LIMITED\SAMTEL PROJECT\IAT\IAT REFERENCE DOCUMENTATION\IAT SW APPLICATION\IAT SOFTWARE APPLICATION 25 AUG CURRENT\X64\DEBUG\USERAUTHENDICATION.SBR
D:\ONEDRIVE - SAMTEL AVIONICS LIMITED\SAMTEL PROJECT\IAT\IAT REFERENCE DOCUMENTATION\IAT SW APPLICATION\IAT SOFTWARE APPLICATION 25 AUG CURRENT\X64\DEBUG\USERAUTHENDICATION.OBJ
D:\ONEDRIVE - SAMTEL AVIONICS LIMITED\SAMTEL PROJECT\IAT\IAT REFERENCE DOCUMENTATION\IAT SW APPLICATION\IAT SOFTWARE APPLICATION 25 AUG CURRENT\X64\DEBUG\PICTURE.SBR
D:\ONEDRIVE - SAMTEL AVIONICS LIMITED\SAMTEL PROJECT\IAT\IAT REFERENCE DOCUMENTATION\IAT SW APPLICATION\IAT SOFTWARE APPLICATION 25 AUG CURRENT\X64\DEBUG\PICTURE.OBJ
D:\ONEDRIVE - SAMTEL AVIONICS LIMITED\SAMTEL PROJECT\IAT\IAT REFERENCE DOCUMENTATION\IAT SW APPLICATION\IAT SOFTWARE APPLICATION 25 AUG CURRENT\X64\DEBUG\DIALOG_VORTAC_PWR.SBR
D:\ONEDRIVE - SAMTEL AVIONICS LIMITED\SAMTEL PROJECT\IAT\IAT REFERENCE DOCUMENTATION\IAT SW APPLICATION\IAT SOFTWARE APPLICATION 25 AUG CURRENT\X64\DEBUG\DIALOG_VORTAC_PWR.OBJ
D:\ONEDRIVE - SAMTEL AVIONICS LIMITED\SAMTEL PROJECT\IAT\IAT REFERENCE DOCUMENTATION\IAT SW APPLICATION\IAT SOFTWARE APPLICATION 25 AUG CURRENT\X64\DEBUG\MYCEDITVIEW.SBR
D:\ONEDRIVE - SAMTEL AVIONICS LIMITED\SAMTEL PROJECT\IAT\IAT REFERENCE DOCUMENTATION\IAT SW APPLICATION\IAT SOFTWARE APPLICATION 25 AUG CURRENT\X64\DEBUG\MYCEDITVIEW.OBJ
D:\ONEDRIVE - SAMTEL AVIONICS LIMITED\SAMTEL PROJECT\IAT\IAT REFERENCE DOCUMENTATION\IAT SW APPLICATION\IAT SOFTWARE APPLICATION 25 AUG CURRENT\X64\DEBUG\SIPU_SDU_GNDRIGDOC.SBR
D:\ONEDRIVE - SAMTEL AVIONICS LIMITED\SAMTEL PROJECT\IAT\IAT REFERENCE DOCUMENTATION\IAT SW APPLICATION\IAT SOFTWARE APPLICATION 25 AUG CURRENT\X64\DEBUG\SIPU_SDU_GNDRIGDOC.OBJ
D:\ONEDRIVE - SAMTEL AVIONICS LIMITED\SAMTEL PROJECT\IAT\IAT REFERENCE DOCUMENTATION\IAT SW APPLICATION\IAT SOFTWARE APPLICATION 25 AUG CURRENT\X64\DEBUG\TESTTABLE.SBR
D:\ONEDRIVE - SAMTEL AVIONICS LIMITED\SAMTEL PROJECT\IAT\IAT REFERENCE DOCUMENTATION\IAT SW APPLICATION\IAT SOFTWARE APPLICATION 25 AUG CURRENT\X64\DEBUG\TESTTABLE.OBJ
D:\ONEDRIVE - SAMTEL AVIONICS LIMITED\SAMTEL PROJECT\IAT\IAT REFERENCE DOCUMENTATION\IAT SW APPLICATION\IAT SOFTWARE APPLICATION 25 AUG CURRENT\X64\DEBUG\XLISTCTRL.SBR
D:\ONEDRIVE - SAMTEL AVIONICS LIMITED\SAMTEL PROJECT\IAT\IAT REFERENCE DOCUMENTATION\IAT SW APPLICATION\IAT SOFTWARE APPLICATION 25 AUG CURRENT\X64\DEBUG\XLISTCTRL.OBJ
D:\ONEDRIVE - SAMTEL AVIONICS LIMITED\SAMTEL PROJECT\IAT\IAT REFERENCE DOCUMENTATION\IAT SW APPLICATION\IAT SOFTWARE APPLICATION 25 AUG CURRENT\X64\DEBUG\UNIT_TABLE1.SBR
D:\ONEDRIVE - SAMTEL AVIONICS LIMITED\SAMTEL PROJECT\IAT\IAT REFERENCE DOCUMENTATION\IAT SW APPLICATION\IAT SOFTWARE APPLICATION 25 AUG CURRENT\X64\DEBUG\UNIT_TABLE1.OBJ
D:\ONEDRIVE - SAMTEL AVIONICS LIMITED\SAMTEL PROJECT\IAT\IAT REFERENCE DOCUMENTATION\IAT SW APPLICATION\IAT SOFTWARE APPLICATION 25 AUG CURRENT\X64\DEBUG\DLG_ADC_PWR.SBR
D:\ONEDRIVE - SAMTEL AVIONICS LIMITED\SAMTEL PROJECT\IAT\IAT REFERENCE DOCUMENTATION\IAT SW APPLICATION\IAT SOFTWARE APPLICATION 25 AUG CURRENT\X64\DEBUG\DLG_ADC_PWR.OBJ
D:\ONEDRIVE - SAMTEL AVIONICS LIMITED\SAMTEL PROJECT\IAT\IAT REFERENCE DOCUMENTATION\IAT SW APPLICATION\IAT SOFTWARE APPLICATION 25 AUG CURRENT\X64\DEBUG\MYLISTVIEW.SBR
D:\ONEDRIVE - SAMTEL AVIONICS LIMITED\SAMTEL PROJECT\IAT\IAT REFERENCE DOCUMENTATION\IAT SW APPLICATION\IAT SOFTWARE APPLICATION 25 AUG CURRENT\X64\DEBUG\MYLISTVIEW.OBJ
D:\ONEDRIVE - SAMTEL AVIONICS LIMITED\SAMTEL PROJECT\IAT\IAT REFERENCE DOCUMENTATION\IAT SW APPLICATION\IAT SOFTWARE APPLICATION 25 AUG CURRENT\X64\DEBUG\SIPU_SDU_GNDRIGVIEW.SBR
D:\ONEDRIVE - SAMTEL AVIONICS LIMITED\SAMTEL PROJECT\IAT\IAT REFERENCE DOCUMENTATION\IAT SW APPLICATION\IAT SOFTWARE APPLICATION 25 AUG CURRENT\X64\DEBUG\SIPU_SDU_GNDRIGVIEW.OBJ
D:\ONEDRIVE - SAMTEL AVIONICS LIMITED\SAMTEL PROJECT\IAT\IAT REFERENCE DOCUMENTATION\IAT SW APPLICATION\IAT SOFTWARE APPLICATION 25 AUG CURRENT\X64\DEBUG\VISUALINSPECTION.SBR
D:\ONEDRIVE - SAMTEL AVIONICS LIMITED\SAMTEL PROJECT\IAT\IAT REFERENCE DOCUMENTATION\IAT SW APPLICATION\IAT SOFTWARE APPLICATION 25 AUG CURRENT\X64\DEBUG\VISUALINSPECTION.OBJ
D:\ONEDRIVE - SAMTEL AVIONICS LIMITED\SAMTEL PROJECT\IAT\IAT REFERENCE DOCUMENTATION\IAT SW APPLICATION\IAT SOFTWARE APPLICATION 25 AUG CURRENT\X64\DEBUG\LED.SBR
D:\ONEDRIVE - SAMTEL AVIONICS LIMITED\SAMTEL PROJECT\IAT\IAT REFERENCE DOCUMENTATION\IAT SW APPLICATION\IAT SOFTWARE APPLICATION 25 AUG CURRENT\X64\DEBUG\LED.OBJ
D:\ONEDRIVE - SAMTEL AVIONICS LIMITED\SAMTEL PROJECT\IAT\IAT REFERENCE DOCUMENTATION\IAT SW APPLICATION\IAT SOFTWARE APPLICATION 25 AUG CURRENT\X64\DEBUG\DLG_ISIS_AHRS.SBR
D:\ONEDRIVE - SAMTEL AVIONICS LIMITED\SAMTEL PROJECT\IAT\IAT REFERENCE DOCUMENTATION\IAT SW APPLICATION\IAT SOFTWARE APPLICATION 25 AUG CURRENT\X64\DEBUG\DLG_ISIS_AHRS.OBJ
D:\ONEDRIVE - SAMTEL AVIONICS LIMITED\SAMTEL PROJECT\IAT\IAT REFERENCE DOCUMENTATION\IAT SW APPLICATION\IAT SOFTWARE APPLICATION 25 AUG CURRENT\X64\DEBUG\MAINFRM.SBR
D:\ONEDRIVE - SAMTEL AVIONICS LIMITED\SAMTEL PROJECT\IAT\IAT REFERENCE DOCUMENTATION\IAT SW APPLICATION\IAT SOFTWARE APPLICATION 25 AUG CURRENT\X64\DEBUG\MAINFRM.OBJ
D:\ONEDRIVE - SAMTEL AVIONICS LIMITED\SAMTEL PROJECT\IAT\IAT REFERENCE DOCUMENTATION\IAT SW APPLICATION\IAT SOFTWARE APPLICATION 25 AUG CURRENT\X64\DEBUG\PROGRESSDLG.SBR
D:\ONEDRIVE - SAMTEL AVIONICS LIMITED\SAMTEL PROJECT\IAT\IAT REFERENCE DOCUMENTATION\IAT SW APPLICATION\IAT SOFTWARE APPLICATION 25 AUG CURRENT\X64\DEBUG\PROGRESSDLG.OBJ
D:\ONEDRIVE - SAMTEL AVIONICS LIMITED\SAMTEL PROJECT\IAT\IAT REFERENCE DOCUMENTATION\IAT SW APPLICATION\IAT SOFTWARE APPLICATION 25 AUG CURRENT\X64\DEBUG\STDAFX.SBR
D:\ONEDRIVE - SAMTEL AVIONICS LIMITED\SAMTEL PROJECT\IAT\IAT REFERENCE DOCUMENTATION\IAT SW APPLICATION\IAT SOFTWARE APPLICATION 25 AUG CURRENT\X64\DEBUG\STDAFX.OBJ
D:\ONEDRIVE - SAMTEL AVIONICS LIMITED\SAMTEL PROJECT\IAT\IAT REFERENCE DOCUMENTATION\IAT SW APPLICATION\IAT SOFTWARE APPLICATION 25 AUG CURRENT\X64\DEBUG\XTOUTLOOKBAR.SBR
D:\ONEDRIVE - SAMTEL AVIONICS LIMITED\SAMTEL PROJECT\IAT\IAT REFERENCE DOCUMENTATION\IAT SW APPLICATION\IAT SOFTWARE APPLICATION 25 AUG CURRENT\X64\DEBUG\XTOUTLOOKBAR.OBJ
D:\ONEDRIVE - SAMTEL AVIONICS LIMITED\SAMTEL PROJECT\IAT\IAT REFERENCE DOCUMENTATION\IAT SW APPLICATION\IAT SOFTWARE APPLICATION 25 AUG CURRENT\X64\DEBUG\DIALOG_VORTAC_VISUAL.SBR
D:\ONEDRIVE - SAMTEL AVIONICS LIMITED\SAMTEL PROJECT\IAT\IAT REFERENCE DOCUMENTATION\IAT SW APPLICATION\IAT SOFTWARE APPLICATION 25 AUG CURRENT\X64\DEBUG\DIALOG_VORTAC_VISUAL.OBJ
D:\ONEDRIVE - SAMTEL AVIONICS LIMITED\SAMTEL PROJECT\IAT\IAT REFERENCE DOCUMENTATION\IAT SW APPLICATION\IAT SOFTWARE APPLICATION 25 AUG CURRENT\X64\DEBUG\GLOBALS.SBR
D:\ONEDRIVE - SAMTEL AVIONICS LIMITED\SAMTEL PROJECT\IAT\IAT REFERENCE DOCUMENTATION\IAT SW APPLICATION\IAT SOFTWARE APPLICATION 25 AUG CURRENT\X64\DEBUG\GLOBALS.OBJ
D:\ONEDRIVE - SAMTEL AVIONICS LIMITED\SAMTEL PROJECT\IAT\IAT REFERENCE DOCUMENTATION\IAT SW APPLICATION\IAT SOFTWARE APPLICATION 25 AUG CURRENT\X64\DEBUG\SIPUPOWERONPAGE.SBR
D:\ONEDRIVE - SAMTEL AVIONICS LIMITED\SAMTEL PROJECT\IAT\IAT REFERENCE DOCUMENTATION\IAT SW APPLICATION\IAT SOFTWARE APPLICATION 25 AUG CURRENT\X64\DEBUG\SIPUPOWERONPAGE.OBJ
D:\ONEDRIVE - SAMTEL AVIONICS LIMITED\SAMTEL PROJECT\IAT\IAT REFERENCE DOCUMENTATION\IAT SW APPLICATION\IAT SOFTWARE APPLICATION 25 AUG CURRENT\X64\DEBUG\WNDSLIDER.SBR
D:\ONEDRIVE - SAMTEL AVIONICS LIMITED\SAMTEL PROJECT\IAT\IAT REFERENCE DOCUMENTATION\IAT SW APPLICATION\IAT SOFTWARE APPLICATION 25 AUG CURRENT\X64\DEBUG\WNDSLIDER.OBJ
D:\ONEDRIVE - SAMTEL AVIONICS LIMITED\SAMTEL PROJECT\IAT\IAT REFERENCE DOCUMENTATION\IAT SW APPLICATION\IAT SOFTWARE APPLICATION 25 AUG CURRENT\X64\DEBUG\UNIT_HEADERPAGE.SBR
D:\ONEDRIVE - SAMTEL AVIONICS LIMITED\SAMTEL PROJECT\IAT\IAT REFERENCE DOCUMENTATION\IAT SW APPLICATION\IAT SOFTWARE APPLICATION 25 AUG CURRENT\X64\DEBUG\UNIT_HEADERPAGE.OBJ
D:\ONEDRIVE - SAMTEL AVIONICS LIMITED\SAMTEL PROJECT\IAT\IAT REFERENCE DOCUMENTATION\IAT SW APPLICATION\IAT SOFTWARE APPLICATION 25 AUG CURRENT\X64\DEBUG\DIALOG_SMFD_VORILS.SBR
D:\ONEDRIVE - SAMTEL AVIONICS LIMITED\SAMTEL PROJECT\IAT\IAT REFERENCE DOCUMENTATION\IAT SW APPLICATION\IAT SOFTWARE APPLICATION 25 AUG CURRENT\X64\DEBUG\DIALOG_SMFD_VORILS.OBJ
D:\ONEDRIVE - SAMTEL AVIONICS LIMITED\SAMTEL PROJECT\IAT\IAT REFERENCE DOCUMENTATION\IAT SW APPLICATION\IAT SOFTWARE APPLICATION 25 AUG CURRENT\X64\DEBUG\PICTURE1.SBR
D:\ONEDRIVE - SAMTEL AVIONICS LIMITED\SAMTEL PROJECT\IAT\IAT REFERENCE DOCUMENTATION\IAT SW APPLICATION\IAT SOFTWARE APPLICATION 25 AUG CURRENT\X64\DEBUG\PICTURE1.OBJ
D:\ONEDRIVE - SAMTEL AVIONICS LIMITED\SAMTEL PROJECT\IAT\IAT REFERENCE DOCUMENTATION\IAT SW APPLICATION\IAT SOFTWARE APPLICATION 25 AUG CURRENT\X64\DEBUG\SCHEDULE.SBR
D:\ONEDRIVE - SAMTEL AVIONICS LIMITED\SAMTEL PROJECT\IAT\IAT REFERENCE DOCUMENTATION\IAT SW APPLICATION\IAT SOFTWARE APPLICATION 25 AUG CURRENT\X64\DEBUG\SCHEDULE.OBJ
D:\ONEDRIVE - SAMTEL AVIONICS LIMITED\SAMTEL PROJECT\IAT\IAT REFERENCE DOCUMENTATION\IAT SW APPLICATION\IAT SOFTWARE APPLICATION 25 AUG CURRENT\X64\DEBUG\XCOMBOLIST.SBR
D:\ONEDRIVE - SAMTEL AVIONICS LIMITED\SAMTEL PROJECT\IAT\IAT REFERENCE DOCUMENTATION\IAT SW APPLICATION\IAT SOFTWARE APPLICATION 25 AUG CURRENT\X64\DEBUG\XCOMBOLIST.OBJ
D:\ONEDRIVE - SAMTEL AVIONICS LIMITED\SAMTEL PROJECT\IAT\IAT REFERENCE DOCUMENTATION\IAT SW APPLICATION\IAT SOFTWARE APPLICATION 25 AUG CURRENT\X64\DEBUG\ROWCURSOR.SBR
D:\ONEDRIVE - SAMTEL AVIONICS LIMITED\SAMTEL PROJECT\IAT\IAT REFERENCE DOCUMENTATION\IAT SW APPLICATION\IAT SOFTWARE APPLICATION 25 AUG CURRENT\X64\DEBUG\ROWCURSOR.OBJ
D:\ONEDRIVE - SAMTEL AVIONICS LIMITED\SAMTEL PROJECT\IAT\IAT REFERENCE DOCUMENTATION\IAT SW APPLICATION\IAT SOFTWARE APPLICATION 25 AUG CURRENT\X64\DEBUG\DIALOG_SMFD_VORILS_RC.SBR
D:\ONEDRIVE - SAMTEL AVIONICS LIMITED\SAMTEL PROJECT\IAT\IAT REFERENCE DOCUMENTATION\IAT SW APPLICATION\IAT SOFTWARE APPLICATION 25 AUG CURRENT\X64\DEBUG\DIALOG_SMFD_VORILS_RC.OBJ
D:\ONEDRIVE - SAMTEL AVIONICS LIMITED\SAMTEL PROJECT\IAT\IAT REFERENCE DOCUMENTATION\IAT SW APPLICATION\IAT SOFTWARE APPLICATION 25 AUG CURRENT\X64\DEBUG\MYSPLITTERCLASS.SBR
D:\ONEDRIVE - SAMTEL AVIONICS LIMITED\SAMTEL PROJECT\IAT\IAT REFERENCE DOCUMENTATION\IAT SW APPLICATION\IAT SOFTWARE APPLICATION 25 AUG CURRENT\X64\DEBUG\MYSPLITTERCLASS.OBJ
D:\ONEDRIVE - SAMTEL AVIONICS LIMITED\SAMTEL PROJECT\IAT\IAT REFERENCE DOCUMENTATION\IAT SW APPLICATION\IAT SOFTWARE APPLICATION 25 AUG CURRENT\X64\DEBUG\SERIALPORT.SBR
D:\ONEDRIVE - SAMTEL AVIONICS LIMITED\SAMTEL PROJECT\IAT\IAT REFERENCE DOCUMENTATION\IAT SW APPLICATION\IAT SOFTWARE APPLICATION 25 AUG CURRENT\X64\DEBUG\SERIALPORT.OBJ
D:\ONEDRIVE - SAMTEL AVIONICS LIMITED\SAMTEL PROJECT\IAT\IAT REFERENCE DOCUMENTATION\IAT SW APPLICATION\IAT SOFTWARE APPLICATION 25 AUG CURRENT\X64\DEBUG\XHEADERCTRL.SBR
D:\ONEDRIVE - SAMTEL AVIONICS LIMITED\SAMTEL PROJECT\IAT\IAT REFERENCE DOCUMENTATION\IAT SW APPLICATION\IAT SOFTWARE APPLICATION 25 AUG CURRENT\X64\DEBUG\XHEADERCTRL.OBJ
D:\ONEDRIVE - SAMTEL AVIONICS LIMITED\SAMTEL PROJECT\IAT\IAT REFERENCE DOCUMENTATION\IAT SW APPLICATION\IAT SOFTWARE APPLICATION 25 AUG CURRENT\X64\DEBUG\UNIT_INDEXPAGE.SBR
D:\ONEDRIVE - SAMTEL AVIONICS LIMITED\SAMTEL PROJECT\IAT\IAT REFERENCE DOCUMENTATION\IAT SW APPLICATION\IAT SOFTWARE APPLICATION 25 AUG CURRENT\X64\DEBUG\UNIT_INDEXPAGE.OBJ
D:\ONEDRIVE - SAMTEL AVIONICS LIMITED\SAMTEL PROJECT\IAT\IAT REFERENCE DOCUMENTATION\IAT SW APPLICATION\IAT SOFTWARE APPLICATION 25 AUG CURRENT\X64\DEBUG\HLPRFUNCS.SBR
D:\ONEDRIVE - SAMTEL AVIONICS LIMITED\SAMTEL PROJECT\IAT\IAT REFERENCE DOCUMENTATION\IAT SW APPLICATION\IAT SOFTWARE APPLICATION 25 AUG CURRENT\X64\DEBUG\HLPRFUNCS.OBJ
D:\ONEDRIVE - SAMTEL AVIONICS LIMITED\SAMTEL PROJECT\IAT\IAT REFERENCE DOCUMENTATION\IAT SW APPLICATION\IAT SOFTWARE APPLICATION 25 AUG CURRENT\X64\DEBUG\DLG_ISIS_PWR.SBR
D:\ONEDRIVE - SAMTEL AVIONICS LIMITED\SAMTEL PROJECT\IAT\IAT REFERENCE DOCUMENTATION\IAT SW APPLICATION\IAT SOFTWARE APPLICATION 25 AUG CURRENT\X64\DEBUG\DLG_ISIS_PWR.OBJ
D:\ONEDRIVE - SAMTEL AVIONICS LIMITED\SAMTEL PROJECT\IAT\IAT REFERENCE DOCUMENTATION\IAT SW APPLICATION\IAT SOFTWARE APPLICATION 25 AUG CURRENT\X64\DEBUG\DLG_ISIS_ADUTEST.SBR
D:\ONEDRIVE - SAMTEL AVIONICS LIMITED\SAMTEL PROJECT\IAT\IAT REFERENCE DOCUMENTATION\IAT SW APPLICATION\IAT SOFTWARE APPLICATION 25 AUG CURRENT\X64\DEBUG\DLG_ISIS_ADUTEST.OBJ
D:\ONEDRIVE - SAMTEL AVIONICS LIMITED\SAMTEL PROJECT\IAT\IAT REFERENCE DOCUMENTATION\IAT SW APPLICATION\IAT SOFTWARE APPLICATION 25 AUG CURRENT\X64\DEBUG\GFX_PRINTUNIT.SBR
D:\ONEDRIVE - SAMTEL AVIONICS LIMITED\SAMTEL PROJECT\IAT\IAT REFERENCE DOCUMENTATION\IAT SW APPLICATION\IAT SOFTWARE APPLICATION 25 AUG CURRENT\X64\DEBUG\GFX_PRINTUNIT.OBJ
D:\ONEDRIVE - SAMTEL AVIONICS LIMITED\SAMTEL PROJECT\IAT\IAT REFERENCE DOCUMENTATION\IAT SW APPLICATION\IAT SOFTWARE APPLICATION 25 AUG CURRENT\X64\DEBUG\FONT.SBR
D:\ONEDRIVE - SAMTEL AVIONICS LIMITED\SAMTEL PROJECT\IAT\IAT REFERENCE DOCUMENTATION\IAT SW APPLICATION\IAT SOFTWARE APPLICATION 25 AUG CURRENT\X64\DEBUG\FONT.OBJ
D:\ONEDRIVE - SAMTEL AVIONICS LIMITED\SAMTEL PROJECT\IAT\IAT REFERENCE DOCUMENTATION\IAT SW APPLICATION\IAT SOFTWARE APPLICATION 25 AUG CURRENT\X64\DEBUG\HELPER.SBR
D:\ONEDRIVE - SAMTEL AVIONICS LIMITED\SAMTEL PROJECT\IAT\IAT REFERENCE DOCUMENTATION\IAT SW APPLICATION\IAT SOFTWARE APPLICATION 25 AUG CURRENT\X64\DEBUG\HELPER.OBJ
D:\ONEDRIVE - SAMTEL AVIONICS LIMITED\SAMTEL PROJECT\IAT\IAT REFERENCE DOCUMENTATION\IAT SW APPLICATION\IAT SOFTWARE APPLICATION 25 AUG CURRENT\X64\DEBUG\FORMEMPTY.SBR
D:\ONEDRIVE - SAMTEL AVIONICS LIMITED\SAMTEL PROJECT\IAT\IAT REFERENCE DOCUMENTATION\IAT SW APPLICATION\IAT SOFTWARE APPLICATION 25 AUG CURRENT\X64\DEBUG\FORMEMPTY.OBJ
D:\ONEDRIVE - SAMTEL AVIONICS LIMITED\SAMTEL PROJECT\IAT\IAT REFERENCE DOCUMENTATION\IAT SW APPLICATION\IAT SOFTWARE APPLICATION 25 AUG CURRENT\X64\DEBUG\GFX_PRINTJOB.SBR
D:\ONEDRIVE - SAMTEL AVIONICS LIMITED\SAMTEL PROJECT\IAT\IAT REFERENCE DOCUMENTATION\IAT SW APPLICATION\IAT SOFTWARE APPLICATION 25 AUG CURRENT\X64\DEBUG\GFX_PRINTJOB.OBJ
D:\ONEDRIVE - SAMTEL AVIONICS LIMITED\SAMTEL PROJECT\IAT\IAT REFERENCE DOCUMENTATION\IAT SW APPLICATION\IAT SOFTWARE APPLICATION 25 AUG CURRENT\X64\DEBUG\DIALOG_SMFD_ADC_RC.SBR
D:\ONEDRIVE - SAMTEL AVIONICS LIMITED\SAMTEL PROJECT\IAT\IAT REFERENCE DOCUMENTATION\IAT SW APPLICATION\IAT SOFTWARE APPLICATION 25 AUG CURRENT\X64\DEBUG\DIALOG_SMFD_ADC_RC.OBJ
D:\ONEDRIVE - SAMTEL AVIONICS LIMITED\SAMTEL PROJECT\IAT\IAT REFERENCE DOCUMENTATION\IAT SW APPLICATION\IAT SOFTWARE APPLICATION 25 AUG CURRENT\X64\DEBUG\DIALOG_SMFD_AHRS_RC.SBR
D:\ONEDRIVE - SAMTEL AVIONICS LIMITED\SAMTEL PROJECT\IAT\IAT REFERENCE DOCUMENTATION\IAT SW APPLICATION\IAT SOFTWARE APPLICATION 25 AUG CURRENT\X64\DEBUG\DIALOGSMFDAHRS.SBR
D:\ONEDRIVE - SAMTEL AVIONICS LIMITED\SAMTEL PROJECT\IAT\IAT REFERENCE DOCUMENTATION\IAT SW APPLICATION\IAT SOFTWARE APPLICATION 25 AUG CURRENT\X64\DEBUG\DIALOGSMFDAHRS.OBJ
D:\ONEDRIVE - SAMTEL AVIONICS LIMITED\SAMTEL PROJECT\IAT\IAT REFERENCE DOCUMENTATION\IAT SW APPLICATION\IAT SOFTWARE APPLICATION 25 AUG CURRENT\X64\DEBUG\DIALOGSMFD_ADC.SBR
D:\ONEDRIVE - SAMTEL AVIONICS LIMITED\SAMTEL PROJECT\IAT\IAT REFERENCE DOCUMENTATION\IAT SW APPLICATION\IAT SOFTWARE APPLICATION 25 AUG CURRENT\X64\DEBUG\DIALOGSMFD_ADC.OBJ
D:\ONEDRIVE - SAMTEL AVIONICS LIMITED\SAMTEL PROJECT\IAT\IAT REFERENCE DOCUMENTATION\IAT SW APPLICATION\IAT SOFTWARE APPLICATION 25 AUG CURRENT\X64\DEBUG\DIALOG_ADC_AIR2.SBR
D:\ONEDRIVE - SAMTEL AVIONICS LIMITED\SAMTEL PROJECT\IAT\IAT REFERENCE DOCUMENTATION\IAT SW APPLICATION\IAT SOFTWARE APPLICATION 25 AUG CURRENT\X64\DEBUG\DIALOG_ADC_AIR2.OBJ
D:\ONEDRIVE - SAMTEL AVIONICS LIMITED\SAMTEL PROJECT\IAT\IAT REFERENCE DOCUMENTATION\IAT SW APPLICATION\IAT SOFTWARE APPLICATION 25 AUG CURRENT\X64\DEBUG\DIALOG_ADC_MACH2.SBR
D:\ONEDRIVE - SAMTEL AVIONICS LIMITED\SAMTEL PROJECT\IAT\IAT REFERENCE DOCUMENTATION\IAT SW APPLICATION\IAT SOFTWARE APPLICATION 25 AUG CURRENT\X64\DEBUG\DIALOG_ADC_MACH2.OBJ
D:\ONEDRIVE - SAMTEL AVIONICS LIMITED\SAMTEL PROJECT\IAT\IAT REFERENCE DOCUMENTATION\IAT SW APPLICATION\IAT SOFTWARE APPLICATION 25 AUG CURRENT\X64\DEBUG\DIALOG_GPS_SYSINFO.SBR
D:\ONEDRIVE - SAMTEL AVIONICS LIMITED\SAMTEL PROJECT\IAT\IAT REFERENCE DOCUMENTATION\IAT SW APPLICATION\IAT SOFTWARE APPLICATION 25 AUG CURRENT\X64\DEBUG\DIALOG_GPS_SYSINFO.OBJ
D:\ONEDRIVE - SAMTEL AVIONICS LIMITED\SAMTEL PROJECT\IAT\IAT REFERENCE DOCUMENTATION\IAT SW APPLICATION\IAT SOFTWARE APPLICATION 25 AUG CURRENT\X64\DEBUG\DIALOG_SMFD_ANALOG.SBR
D:\ONEDRIVE - SAMTEL AVIONICS LIMITED\SAMTEL PROJECT\IAT\IAT REFERENCE DOCUMENTATION\IAT SW APPLICATION\IAT SOFTWARE APPLICATION 25 AUG CURRENT\X64\DEBUG\DIALOG_SMFD_ANALOG.OBJ
D:\ONEDRIVE - SAMTEL AVIONICS LIMITED\SAMTEL PROJECT\IAT\IAT REFERENCE DOCUMENTATION\IAT SW APPLICATION\IAT SOFTWARE APPLICATION 25 AUG CURRENT\X64\DEBUG\DIALOG_SMFD_FUEL_RC.SBR
D:\ONEDRIVE - SAMTEL AVIONICS LIMITED\SAMTEL PROJECT\IAT\IAT REFERENCE DOCUMENTATION\IAT SW APPLICATION\IAT SOFTWARE APPLICATION 25 AUG CURRENT\X64\DEBUG\DIALOG_SMFD_FUEL_RC.OBJ
D:\ONEDRIVE - SAMTEL AVIONICS LIMITED\SAMTEL PROJECT\IAT\IAT REFERENCE DOCUMENTATION\IAT SW APPLICATION\IAT SOFTWARE APPLICATION 25 AUG CURRENT\X64\DEBUG\DIALOG_SMFD_TACAN_RC.SBR
D:\ONEDRIVE - SAMTEL AVIONICS LIMITED\SAMTEL PROJECT\IAT\IAT REFERENCE DOCUMENTATION\IAT SW APPLICATION\IAT SOFTWARE APPLICATION 25 AUG CURRENT\X64\DEBUG\DIALOG_SMFD_TACAN_RC.OBJ
D:\ONEDRIVE - SAMTEL AVIONICS LIMITED\SAMTEL PROJECT\IAT\IAT REFERENCE DOCUMENTATION\IAT SW APPLICATION\IAT SOFTWARE APPLICATION 25 AUG CURRENT\X64\DEBUG\DIALOG_ADC_AIR1.SBR
D:\ONEDRIVE - SAMTEL AVIONICS LIMITED\SAMTEL PROJECT\IAT\IAT REFERENCE DOCUMENTATION\IAT SW APPLICATION\IAT SOFTWARE APPLICATION 25 AUG CURRENT\X64\DEBUG\DIALOG_ADC_AIR1.OBJ
D:\ONEDRIVE - SAMTEL AVIONICS LIMITED\SAMTEL PROJECT\IAT\IAT REFERENCE DOCUMENTATION\IAT SW APPLICATION\IAT SOFTWARE APPLICATION 25 AUG CURRENT\X64\DEBUG\DIALOG_ADC_LEAK.SBR
D:\ONEDRIVE - SAMTEL AVIONICS LIMITED\SAMTEL PROJECT\IAT\IAT REFERENCE DOCUMENTATION\IAT SW APPLICATION\IAT SOFTWARE APPLICATION 25 AUG CURRENT\X64\DEBUG\DIALOG_ADC_LEAK.OBJ
D:\ONEDRIVE - SAMTEL AVIONICS LIMITED\SAMTEL PROJECT\IAT\IAT REFERENCE DOCUMENTATION\IAT SW APPLICATION\IAT SOFTWARE APPLICATION 25 AUG CURRENT\X64\DEBUG\DIALOG_GPS_PWR.SBR
D:\ONEDRIVE - SAMTEL AVIONICS LIMITED\SAMTEL PROJECT\IAT\IAT REFERENCE DOCUMENTATION\IAT SW APPLICATION\IAT SOFTWARE APPLICATION 25 AUG CURRENT\X64\DEBUG\DIALOG_GPS_PWR.OBJ
D:\ONEDRIVE - SAMTEL AVIONICS LIMITED\SAMTEL PROJECT\IAT\IAT REFERENCE DOCUMENTATION\IAT SW APPLICATION\IAT SOFTWARE APPLICATION 25 AUG CURRENT\X64\DEBUG\DIALOG_SMFD_FUEL.SBR
D:\ONEDRIVE - SAMTEL AVIONICS LIMITED\SAMTEL PROJECT\IAT\IAT REFERENCE DOCUMENTATION\IAT SW APPLICATION\IAT SOFTWARE APPLICATION 25 AUG CURRENT\X64\DEBUG\DIALOG_SMFD_FUEL.OBJ
D:\ONEDRIVE - SAMTEL AVIONICS LIMITED\SAMTEL PROJECT\IAT\IAT REFERENCE DOCUMENTATION\IAT SW APPLICATION\IAT SOFTWARE APPLICATION 25 AUG CURRENT\X64\DEBUG\DIALOG_SMFD_SW.SBR
D:\ONEDRIVE - SAMTEL AVIONICS LIMITED\SAMTEL PROJECT\IAT\IAT REFERENCE DOCUMENTATION\IAT SW APPLICATION\IAT SOFTWARE APPLICATION 25 AUG CURRENT\X64\DEBUG\DIALOG_SMFD_SW.OBJ
D:\ONEDRIVE - SAMTEL AVIONICS LIMITED\SAMTEL PROJECT\IAT\IAT REFERENCE DOCUMENTATION\IAT SW APPLICATION\IAT SOFTWARE APPLICATION 25 AUG CURRENT\X64\DEBUG\CHANGEPASSWORD.SBR
D:\ONEDRIVE - SAMTEL AVIONICS LIMITED\SAMTEL PROJECT\IAT\IAT REFERENCE DOCUMENTATION\IAT SW APPLICATION\IAT SOFTWARE APPLICATION 25 AUG CURRENT\X64\DEBUG\CHANGEPASSWORD.OBJ
D:\ONEDRIVE - SAMTEL AVIONICS LIMITED\SAMTEL PROJECT\IAT\IAT REFERENCE DOCUMENTATION\IAT SW APPLICATION\IAT SOFTWARE APPLICATION 25 AUG CURRENT\X64\DEBUG\DIALOG_ADC_AIR3.SBR
D:\ONEDRIVE - SAMTEL AVIONICS LIMITED\SAMTEL PROJECT\IAT\IAT REFERENCE DOCUMENTATION\IAT SW APPLICATION\IAT SOFTWARE APPLICATION 25 AUG CURRENT\X64\DEBUG\DIALOG_ADC_AIR3.OBJ
D:\ONEDRIVE - SAMTEL AVIONICS LIMITED\SAMTEL PROJECT\IAT\IAT REFERENCE DOCUMENTATION\IAT SW APPLICATION\IAT SOFTWARE APPLICATION 25 AUG CURRENT\X64\DEBUG\DIALOG_AHRS_QUALITYCHECKS.SBR
D:\ONEDRIVE - SAMTEL AVIONICS LIMITED\SAMTEL PROJECT\IAT\IAT REFERENCE DOCUMENTATION\IAT SW APPLICATION\IAT SOFTWARE APPLICATION 25 AUG CURRENT\X64\DEBUG\DIALOG_AHRS_QUALITYCHECKS.OBJ
D:\ONEDRIVE - SAMTEL AVIONICS LIMITED\SAMTEL PROJECT\IAT\IAT REFERENCE DOCUMENTATION\IAT SW APPLICATION\IAT SOFTWARE APPLICATION 25 AUG CURRENT\X64\DEBUG\DIALOG_ISIS_NAVMODE.SBR
D:\ONEDRIVE - SAMTEL AVIONICS LIMITED\SAMTEL PROJECT\IAT\IAT REFERENCE DOCUMENTATION\IAT SW APPLICATION\IAT SOFTWARE APPLICATION 25 AUG CURRENT\X64\DEBUG\DIALOG_ISIS_NAVMODE.OBJ
D:\ONEDRIVE - SAMTEL AVIONICS LIMITED\SAMTEL PROJECT\IAT\IAT REFERENCE DOCUMENTATION\IAT SW APPLICATION\IAT SOFTWARE APPLICATION 25 AUG CURRENT\X64\DEBUG\DIALOG_SMFD_DISCRETE_RC.SBR
D:\ONEDRIVE - SAMTEL AVIONICS LIMITED\SAMTEL PROJECT\IAT\IAT REFERENCE DOCUMENTATION\IAT SW APPLICATION\IAT SOFTWARE APPLICATION 25 AUG CURRENT\X64\DEBUG\DIALOG_SMFD_DISCRETE_RC.OBJ
D:\ONEDRIVE - SAMTEL AVIONICS LIMITED\SAMTEL PROJECT\IAT\IAT REFERENCE DOCUMENTATION\IAT SW APPLICATION\IAT SOFTWARE APPLICATION 25 AUG CURRENT\X64\DEBUG\DIALOG_SMFD_REV_RC.SBR
D:\ONEDRIVE - SAMTEL AVIONICS LIMITED\SAMTEL PROJECT\IAT\IAT REFERENCE DOCUMENTATION\IAT SW APPLICATION\IAT SOFTWARE APPLICATION 25 AUG CURRENT\X64\DEBUG\DIALOG_SMFD_REV_RC.OBJ
D:\ONEDRIVE - SAMTEL AVIONICS LIMITED\SAMTEL PROJECT\IAT\IAT REFERENCE DOCUMENTATION\IAT SW APPLICATION\IAT SOFTWARE APPLICATION 25 AUG CURRENT\X64\DEBUG\CAPTIONLISTVIEW.SBR
D:\ONEDRIVE - SAMTEL AVIONICS LIMITED\SAMTEL PROJECT\IAT\IAT REFERENCE DOCUMENTATION\IAT SW APPLICATION\IAT SOFTWARE APPLICATION 25 AUG CURRENT\X64\DEBUG\CAPTIONLISTVIEW.OBJ
D:\ONEDRIVE - SAMTEL AVIONICS LIMITED\SAMTEL PROJECT\IAT\IAT REFERENCE DOCUMENTATION\IAT SW APPLICATION\IAT SOFTWARE APPLICATION 25 AUG CURRENT\X64\DEBUG\DIALOGSMFD_TACAN.SBR
D:\ONEDRIVE - SAMTEL AVIONICS LIMITED\SAMTEL PROJECT\IAT\IAT REFERENCE DOCUMENTATION\IAT SW APPLICATION\IAT SOFTWARE APPLICATION 25 AUG CURRENT\X64\DEBUG\DIALOGSMFD_TACAN.OBJ
D:\ONEDRIVE - SAMTEL AVIONICS LIMITED\SAMTEL PROJECT\IAT\IAT REFERENCE DOCUMENTATION\IAT SW APPLICATION\IAT SOFTWARE APPLICATION 25 AUG CURRENT\X64\DEBUG\DIALOG_ADC_MACHCHK.SBR
D:\ONEDRIVE - SAMTEL AVIONICS LIMITED\SAMTEL PROJECT\IAT\IAT REFERENCE DOCUMENTATION\IAT SW APPLICATION\IAT SOFTWARE APPLICATION 25 AUG CURRENT\X64\DEBUG\DIALOG_ADC_MACHCHK.OBJ
D:\ONEDRIVE - SAMTEL AVIONICS LIMITED\SAMTEL PROJECT\IAT\IAT REFERENCE DOCUMENTATION\IAT SW APPLICATION\IAT SOFTWARE APPLICATION 25 AUG CURRENT\X64\DEBUG\DIALOG_GPS_VISUAL.SBR
D:\ONEDRIVE - SAMTEL AVIONICS LIMITED\SAMTEL PROJECT\IAT\IAT REFERENCE DOCUMENTATION\IAT SW APPLICATION\IAT SOFTWARE APPLICATION 25 AUG CURRENT\X64\DEBUG\DIALOG_GPS_VISUAL.OBJ
D:\ONEDRIVE - SAMTEL AVIONICS LIMITED\SAMTEL PROJECT\IAT\IAT REFERENCE DOCUMENTATION\IAT SW APPLICATION\IAT SOFTWARE APPLICATION 25 AUG CURRENT\X64\DEBUG\DIALOG_SMFD_ANALOG1_RC.SBR
D:\ONEDRIVE - SAMTEL AVIONICS LIMITED\SAMTEL PROJECT\IAT\IAT REFERENCE DOCUMENTATION\IAT SW APPLICATION\IAT SOFTWARE APPLICATION 25 AUG CURRENT\X64\DEBUG\DIALOG_SMFD_ANALOG1_RC.OBJ
D:\ONEDRIVE - SAMTEL AVIONICS LIMITED\SAMTEL PROJECT\IAT\IAT REFERENCE DOCUMENTATION\IAT SW APPLICATION\IAT SOFTWARE APPLICATION 25 AUG CURRENT\X64\DEBUG\DIALOG_SMFD_PWR.SBR
D:\ONEDRIVE - SAMTEL AVIONICS LIMITED\SAMTEL PROJECT\IAT\IAT REFERENCE DOCUMENTATION\IAT SW APPLICATION\IAT SOFTWARE APPLICATION 25 AUG CURRENT\X64\DEBUG\DIALOG_SMFD_PWR.OBJ
D:\ONEDRIVE - SAMTEL AVIONICS LIMITED\SAMTEL PROJECT\IAT\IAT REFERENCE DOCUMENTATION\IAT SW APPLICATION\IAT SOFTWARE APPLICATION 25 AUG CURRENT\X64\DEBUG\ADDUSER.SBR
D:\ONEDRIVE - SAMTEL AVIONICS LIMITED\SAMTEL PROJECT\IAT\IAT REFERENCE DOCUMENTATION\IAT SW APPLICATION\IAT SOFTWARE APPLICATION 25 AUG CURRENT\X64\DEBUG\ADDUSER.OBJ
D:\ONEDRIVE - SAMTEL AVIONICS LIMITED\SAMTEL PROJECT\IAT\IAT REFERENCE DOCUMENTATION\IAT SW APPLICATION\IAT SOFTWARE APPLICATION 25 AUG CURRENT\X64\DEBUG\DIALOG_ADC_ALTI2.SBR
D:\ONEDRIVE - SAMTEL AVIONICS LIMITED\SAMTEL PROJECT\IAT\IAT REFERENCE DOCUMENTATION\IAT SW APPLICATION\IAT SOFTWARE APPLICATION 25 AUG CURRENT\X64\DEBUG\DIALOG_ADC_ALTI2.OBJ
D:\ONEDRIVE - SAMTEL AVIONICS LIMITED\SAMTEL PROJECT\IAT\IAT REFERENCE DOCUMENTATION\IAT SW APPLICATION\IAT SOFTWARE APPLICATION 25 AUG CURRENT\X64\DEBUG\DIALOG_ADC_VISUAL.SBR
D:\ONEDRIVE - SAMTEL AVIONICS LIMITED\SAMTEL PROJECT\IAT\IAT REFERENCE DOCUMENTATION\IAT SW APPLICATION\IAT SOFTWARE APPLICATION 25 AUG CURRENT\X64\DEBUG\DIALOG_ADC_VISUAL.OBJ
D:\ONEDRIVE - SAMTEL AVIONICS LIMITED\SAMTEL PROJECT\IAT\IAT REFERENCE DOCUMENTATION\IAT SW APPLICATION\IAT SOFTWARE APPLICATION 25 AUG CURRENT\X64\DEBUG\DIALOG_ISIS_ALN.SBR
D:\ONEDRIVE - SAMTEL AVIONICS LIMITED\SAMTEL PROJECT\IAT\IAT REFERENCE DOCUMENTATION\IAT SW APPLICATION\IAT SOFTWARE APPLICATION 25 AUG CURRENT\X64\DEBUG\DIALOG_ISIS_ALN.OBJ
D:\ONEDRIVE - SAMTEL AVIONICS LIMITED\SAMTEL PROJECT\IAT\IAT REFERENCE DOCUMENTATION\IAT SW APPLICATION\IAT SOFTWARE APPLICATION 25 AUG CURRENT\X64\DEBUG\DIALOG_SMFD_ANALOG2.SBR
D:\ONEDRIVE - SAMTEL AVIONICS LIMITED\SAMTEL PROJECT\IAT\IAT REFERENCE DOCUMENTATION\IAT SW APPLICATION\IAT SOFTWARE APPLICATION 25 AUG CURRENT\X64\DEBUG\DIALOG_SMFD_ANALOG2.OBJ
D:\ONEDRIVE - SAMTEL AVIONICS LIMITED\SAMTEL PROJECT\IAT\IAT REFERENCE DOCUMENTATION\IAT SW APPLICATION\IAT SOFTWARE APPLICATION 25 AUG CURRENT\X64\DEBUG\DIALOG_SMFD_GPS_RC.SBR
D:\ONEDRIVE - SAMTEL AVIONICS LIMITED\SAMTEL PROJECT\IAT\IAT REFERENCE DOCUMENTATION\IAT SW APPLICATION\IAT SOFTWARE APPLICATION 25 AUG CURRENT\X64\DEBUG\DIALOG_SMFD_GPS_RC.OBJ
D:\ONEDRIVE - SAMTEL AVIONICS LIMITED\SAMTEL PROJECT\IAT\IAT REFERENCE DOCUMENTATION\IAT SW APPLICATION\IAT SOFTWARE APPLICATION 25 AUG CURRENT\X64\DEBUG\DIALOG_SMFD_VISUAL.SBR
D:\ONEDRIVE - SAMTEL AVIONICS LIMITED\SAMTEL PROJECT\IAT\IAT REFERENCE DOCUMENTATION\IAT SW APPLICATION\IAT SOFTWARE APPLICATION 25 AUG CURRENT\X64\DEBUG\DIALOG_SMFD_VISUAL.OBJ
D:\ONEDRIVE - SAMTEL AVIONICS LIMITED\SAMTEL PROJECT\IAT\IAT REFERENCE DOCUMENTATION\IAT SW APPLICATION\IAT SOFTWARE APPLICATION 25 AUG CURRENT\X64\DEBUG\ARINC429.SBR
D:\ONEDRIVE - SAMTEL AVIONICS LIMITED\SAMTEL PROJECT\IAT\IAT REFERENCE DOCUMENTATION\IAT SW APPLICATION\IAT SOFTWARE APPLICATION 25 AUG CURRENT\X64\DEBUG\ARINC429.OBJ
D:\ONEDRIVE - SAMTEL AVIONICS LIMITED\SAMTEL PROJECT\IAT\IAT REFERENCE DOCUMENTATION\IAT SW APPLICATION\IAT SOFTWARE APPLICATION 25 AUG CURRENT\X64\DEBUG\DIALOGSTOP.SBR
D:\ONEDRIVE - SAMTEL AVIONICS LIMITED\SAMTEL PROJECT\IAT\IAT REFERENCE DOCUMENTATION\IAT SW APPLICATION\IAT SOFTWARE APPLICATION 25 AUG CURRENT\X64\DEBUG\DIALOGSTOP.OBJ
D:\ONEDRIVE - SAMTEL AVIONICS LIMITED\SAMTEL PROJECT\IAT\IAT REFERENCE DOCUMENTATION\IAT SW APPLICATION\IAT SOFTWARE APPLICATION 25 AUG CURRENT\X64\DEBUG\DIALOG_ADC_FUNCHK.SBR
D:\ONEDRIVE - SAMTEL AVIONICS LIMITED\SAMTEL PROJECT\IAT\IAT REFERENCE DOCUMENTATION\IAT SW APPLICATION\IAT SOFTWARE APPLICATION 25 AUG CURRENT\X64\DEBUG\DIALOG_ADC_FUNCHK.OBJ
D:\ONEDRIVE - SAMTEL AVIONICS LIMITED\SAMTEL PROJECT\IAT\IAT REFERENCE DOCUMENTATION\IAT SW APPLICATION\IAT SOFTWARE APPLICATION 25 AUG CURRENT\X64\DEBUG\DIALOG_GPS_DBINFO.SBR
D:\ONEDRIVE - SAMTEL AVIONICS LIMITED\SAMTEL PROJECT\IAT\IAT REFERENCE DOCUMENTATION\IAT SW APPLICATION\IAT SOFTWARE APPLICATION 25 AUG CURRENT\X64\DEBUG\DIALOG_GPS_DBINFO.OBJ
D:\ONEDRIVE - SAMTEL AVIONICS LIMITED\SAMTEL PROJECT\IAT\IAT REFERENCE DOCUMENTATION\IAT SW APPLICATION\IAT SOFTWARE APPLICATION 25 AUG CURRENT\X64\DEBUG\DIALOG_SMFD_AHRS_RC.OBJ
D:\ONEDRIVE - SAMTEL AVIONICS LIMITED\SAMTEL PROJECT\IAT\IAT REFERENCE DOCUMENTATION\IAT SW APPLICATION\IAT SOFTWARE APPLICATION 25 AUG CURRENT\X64\DEBUG\DIALOG_SMFD_GPS.SBR
D:\ONEDRIVE - SAMTEL AVIONICS LIMITED\SAMTEL PROJECT\IAT\IAT REFERENCE DOCUMENTATION\IAT SW APPLICATION\IAT SOFTWARE APPLICATION 25 AUG CURRENT\X64\DEBUG\DIALOG_SMFD_GPS.OBJ
D:\ONEDRIVE - SAMTEL AVIONICS LIMITED\SAMTEL PROJECT\IAT\IAT REFERENCE DOCUMENTATION\IAT SW APPLICATION\IAT SOFTWARE APPLICATION 25 AUG CURRENT\X64\DEBUG\DIALOG_SMFD_SW_RC.SBR
D:\ONEDRIVE - SAMTEL AVIONICS LIMITED\SAMTEL PROJECT\IAT\IAT REFERENCE DOCUMENTATION\IAT SW APPLICATION\IAT SOFTWARE APPLICATION 25 AUG CURRENT\X64\DEBUG\DIALOG_SMFD_SW_RC.OBJ
D:\ONEDRIVE - SAMTEL AVIONICS LIMITED\SAMTEL PROJECT\IAT\IAT REFERENCE DOCUMENTATION\IAT SW APPLICATION\IAT SOFTWARE APPLICATION 25 AUG CURRENT\X64\DEBUG\BENCHSELFTEST.SBR
D:\ONEDRIVE - SAMTEL AVIONICS LIMITED\SAMTEL PROJECT\IAT\IAT REFERENCE DOCUMENTATION\IAT SW APPLICATION\IAT SOFTWARE APPLICATION 25 AUG CURRENT\X64\DEBUG\BENCHSELFTEST.OBJ
D:\ONEDRIVE - SAMTEL AVIONICS LIMITED\SAMTEL PROJECT\IAT\IAT REFERENCE DOCUMENTATION\IAT SW APPLICATION\IAT SOFTWARE APPLICATION 25 AUG CURRENT\X64\DEBUG\DIALOG_ADC_ALTI3.SBR
D:\ONEDRIVE - SAMTEL AVIONICS LIMITED\SAMTEL PROJECT\IAT\IAT REFERENCE DOCUMENTATION\IAT SW APPLICATION\IAT SOFTWARE APPLICATION 25 AUG CURRENT\X64\DEBUG\DIALOG_ADC_ALTI3.OBJ
D:\ONEDRIVE - SAMTEL AVIONICS LIMITED\SAMTEL PROJECT\IAT\IAT REFERENCE DOCUMENTATION\IAT SW APPLICATION\IAT SOFTWARE APPLICATION 25 AUG CURRENT\X64\DEBUG\DIALOG_AHRS_VISUAL.SBR
D:\ONEDRIVE - SAMTEL AVIONICS LIMITED\SAMTEL PROJECT\IAT\IAT REFERENCE DOCUMENTATION\IAT SW APPLICATION\IAT SOFTWARE APPLICATION 25 AUG CURRENT\X64\DEBUG\DIALOG_AHRS_VISUAL.OBJ
D:\ONEDRIVE - SAMTEL AVIONICS LIMITED\SAMTEL PROJECT\IAT\IAT REFERENCE DOCUMENTATION\IAT SW APPLICATION\IAT SOFTWARE APPLICATION 25 AUG CURRENT\X64\DEBUG\DIALOG_ISIS_IBIT.SBR
D:\ONEDRIVE - SAMTEL AVIONICS LIMITED\SAMTEL PROJECT\IAT\IAT REFERENCE DOCUMENTATION\IAT SW APPLICATION\IAT SOFTWARE APPLICATION 25 AUG CURRENT\X64\DEBUG\DIALOG_ISIS_IBIT.OBJ
D:\ONEDRIVE - SAMTEL AVIONICS LIMITED\SAMTEL PROJECT\IAT\IAT REFERENCE DOCUMENTATION\IAT SW APPLICATION\IAT SOFTWARE APPLICATION 25 AUG CURRENT\X64\DEBUG\DIALOG_SMFD_DISCRETE.SBR
D:\ONEDRIVE - SAMTEL AVIONICS LIMITED\SAMTEL PROJECT\IAT\IAT REFERENCE DOCUMENTATION\IAT SW APPLICATION\IAT SOFTWARE APPLICATION 25 AUG CURRENT\X64\DEBUG\DIALOG_SMFD_DISCRETE.OBJ
D:\ONEDRIVE - SAMTEL AVIONICS LIMITED\SAMTEL PROJECT\IAT\IAT REFERENCE DOCUMENTATION\IAT SW APPLICATION\IAT SOFTWARE APPLICATION 25 AUG CURRENT\X64\DEBUG\DIALOG_SMFD_PWR_RC.SBR
D:\ONEDRIVE - SAMTEL AVIONICS LIMITED\SAMTEL PROJECT\IAT\IAT REFERENCE DOCUMENTATION\IAT SW APPLICATION\IAT SOFTWARE APPLICATION 25 AUG CURRENT\X64\DEBUG\DIALOG_SMFD_PWR_RC.OBJ
D:\ONEDRIVE - SAMTEL AVIONICS LIMITED\SAMTEL PROJECT\IAT\IAT REFERENCE DOCUMENTATION\IAT SW APPLICATION\IAT SOFTWARE APPLICATION 25 AUG CURRENT\X64\DEBUG\DATASTRUCT.SBR
D:\ONEDRIVE - SAMTEL AVIONICS LIMITED\SAMTEL PROJECT\IAT\IAT REFERENCE DOCUMENTATION\IAT SW APPLICATION\IAT SOFTWARE APPLICATION 25 AUG CURRENT\X64\DEBUG\DATASTRUCT.OBJ
D:\ONEDRIVE - SAMTEL AVIONICS LIMITED\SAMTEL PROJECT\IAT\IAT REFERENCE DOCUMENTATION\IAT SW APPLICATION\IAT SOFTWARE APPLICATION 25 AUG CURRENT\X64\DEBUG\DIALOG_ADC_ALTIRATE.SBR
D:\ONEDRIVE - SAMTEL AVIONICS LIMITED\SAMTEL PROJECT\IAT\IAT REFERENCE DOCUMENTATION\IAT SW APPLICATION\IAT SOFTWARE APPLICATION 25 AUG CURRENT\X64\DEBUG\DIALOG_ADC_ALTIRATE.OBJ
D:\ONEDRIVE - SAMTEL AVIONICS LIMITED\SAMTEL PROJECT\IAT\IAT REFERENCE DOCUMENTATION\IAT SW APPLICATION\IAT SOFTWARE APPLICATION 25 AUG CURRENT\X64\DEBUG\DIALOG_AHRS_PWR.SBR
D:\ONEDRIVE - SAMTEL AVIONICS LIMITED\SAMTEL PROJECT\IAT\IAT REFERENCE DOCUMENTATION\IAT SW APPLICATION\IAT SOFTWARE APPLICATION 25 AUG CURRENT\X64\DEBUG\DIALOG_AHRS_PWR.OBJ
D:\ONEDRIVE - SAMTEL AVIONICS LIMITED\SAMTEL PROJECT\IAT\IAT REFERENCE DOCUMENTATION\IAT SW APPLICATION\IAT SOFTWARE APPLICATION 25 AUG CURRENT\X64\DEBUG\DIALOG_ISIS_BRTCHK.SBR
D:\ONEDRIVE - SAMTEL AVIONICS LIMITED\SAMTEL PROJECT\IAT\IAT REFERENCE DOCUMENTATION\IAT SW APPLICATION\IAT SOFTWARE APPLICATION 25 AUG CURRENT\X64\DEBUG\DIALOG_ISIS_BRTCHK.OBJ
D:\ONEDRIVE - SAMTEL AVIONICS LIMITED\SAMTEL PROJECT\IAT\IAT REFERENCE DOCUMENTATION\IAT SW APPLICATION\IAT SOFTWARE APPLICATION 25 AUG CURRENT\X64\DEBUG\DIALOG_SMFD_ANALOG_RC.SBR
D:\ONEDRIVE - SAMTEL AVIONICS LIMITED\SAMTEL PROJECT\IAT\IAT REFERENCE DOCUMENTATION\IAT SW APPLICATION\IAT SOFTWARE APPLICATION 25 AUG CURRENT\X64\DEBUG\DIALOG_SMFD_ANALOG_RC.OBJ
D:\ONEDRIVE - SAMTEL AVIONICS LIMITED\SAMTEL PROJECT\IAT\IAT REFERENCE DOCUMENTATION\IAT SW APPLICATION\IAT SOFTWARE APPLICATION 25 AUG CURRENT\X64\DEBUG\DIALOG_SMFD_REV_PAGE.SBR
D:\ONEDRIVE - SAMTEL AVIONICS LIMITED\SAMTEL PROJECT\IAT\IAT REFERENCE DOCUMENTATION\IAT SW APPLICATION\IAT SOFTWARE APPLICATION 25 AUG CURRENT\X64\DEBUG\DIALOG_SMFD_REV_PAGE.OBJ
D:\ONEDRIVE - SAMTEL AVIONICS LIMITED\SAMTEL PROJECT\IAT\IAT REFERENCE DOCUMENTATION\IAT SW APPLICATION\IAT SOFTWARE APPLICATION 25 AUG CURRENT\X64\DEBUG\ATI_UT.EXE
D:\ONEDRIVE - SAMTEL AVIONICS LIMITED\SAMTEL PROJECT\IAT\IAT REFERENCE DOCUMENTATION\IAT SW APPLICATION\IAT SOFTWARE APPLICATION 25 AUG CURRENT\X64\DEBUG\ATI_UT.PDB
D:\ONEDRIVE - SAMTEL AVIONICS LIMITED\SAMTEL PROJECT\IAT\IAT REFERENCE DOCUMENTATION\IAT SW APPLICATION\IAT SOFTWARE APPLICATION 25 AUG CURRENT\X64\DEBUG\SIPU_SDU_GNDRIG.RES
D:\OneDrive - SAMTEL AVIONICS LIMITED\SAMTEL Project\IAT\IAT Reference documentation\IAT SW APPLICATION\IAT Software Application 25 aug Current\x64\Debug\AddUser.obj
D:\OneDrive - SAMTEL AVIONICS LIMITED\SAMTEL Project\IAT\IAT Reference documentation\IAT SW APPLICATION\IAT Software Application 25 aug Current\x64\Debug\Arinc429.obj
D:\OneDrive - SAMTEL AVIONICS LIMITED\SAMTEL Project\IAT\IAT Reference documentation\IAT SW APPLICATION\IAT Software Application 25 aug Current\x64\Debug\BenchSelfTest.obj
D:\OneDrive - SAMTEL AVIONICS LIMITED\SAMTEL Project\IAT\IAT Reference documentation\IAT SW APPLICATION\IAT Software Application 25 aug Current\x64\Debug\BezelKeyTest.obj
D:\OneDrive - SAMTEL AVIONICS LIMITED\SAMTEL Project\IAT\IAT Reference documentation\IAT SW APPLICATION\IAT Software Application 25 aug Current\x64\Debug\Bezel_5VAC.obj
D:\OneDrive - SAMTEL AVIONICS LIMITED\SAMTEL Project\IAT\IAT Reference documentation\IAT SW APPLICATION\IAT Software Application 25 aug Current\x64\Debug\Bezel_SelfTest.obj
D:\OneDrive - SAMTEL AVIONICS LIMITED\SAMTEL Project\IAT\IAT Reference documentation\IAT SW APPLICATION\IAT Software Application 25 aug Current\x64\Debug\Bezel_SensorMax.obj
D:\OneDrive - SAMTEL AVIONICS LIMITED\SAMTEL Project\IAT\IAT Reference documentation\IAT SW APPLICATION\IAT Software Application 25 aug Current\x64\Debug\Bezel_SensorMin.obj
D:\OneDrive - SAMTEL AVIONICS LIMITED\SAMTEL Project\IAT\IAT Reference documentation\IAT SW APPLICATION\IAT Software Application 25 aug Current\x64\Debug\Bez_5VDC.obj
D:\OneDrive - SAMTEL AVIONICS LIMITED\SAMTEL Project\IAT\IAT Reference documentation\IAT SW APPLICATION\IAT Software Application 25 aug Current\x64\Debug\Bonding_Insulation_Dlg.obj
D:\OneDrive - SAMTEL AVIONICS LIMITED\SAMTEL Project\IAT\IAT Reference documentation\IAT SW APPLICATION\IAT Software Application 25 aug Current\x64\Debug\CaptionBar.obj
D:\OneDrive - SAMTEL AVIONICS LIMITED\SAMTEL Project\IAT\IAT Reference documentation\IAT SW APPLICATION\IAT Software Application 25 aug Current\x64\Debug\CaptionListView.obj
D:\OneDrive - SAMTEL AVIONICS LIMITED\SAMTEL Project\IAT\IAT Reference documentation\IAT SW APPLICATION\IAT Software Application 25 aug Current\x64\Debug\CaptionView.obj
D:\OneDrive - SAMTEL AVIONICS LIMITED\SAMTEL Project\IAT\IAT Reference documentation\IAT SW APPLICATION\IAT Software Application 25 aug Current\x64\Debug\CHANGEPASSWORD.obj
D:\OneDrive - SAMTEL AVIONICS LIMITED\SAMTEL Project\IAT\IAT Reference documentation\IAT SW APPLICATION\IAT Software Application 25 aug Current\x64\Debug\Cursor.obj
D:\OneDrive - SAMTEL AVIONICS LIMITED\SAMTEL Project\IAT\IAT Reference documentation\IAT SW APPLICATION\IAT Software Application 25 aug Current\x64\Debug\DataStruct.obj
D:\OneDrive - SAMTEL AVIONICS LIMITED\SAMTEL Project\IAT\IAT Reference documentation\IAT SW APPLICATION\IAT Software Application 25 aug Current\x64\Debug\demos.obj
D:\OneDrive - SAMTEL AVIONICS LIMITED\SAMTEL Project\IAT\IAT Reference documentation\IAT SW APPLICATION\IAT Software Application 25 aug Current\x64\Debug\DialogSIGNAL.obj
D:\OneDrive - SAMTEL AVIONICS LIMITED\SAMTEL Project\IAT\IAT Reference documentation\IAT SW APPLICATION\IAT Software Application 25 aug Current\x64\Debug\DialogSmfdAHRS.obj
D:\OneDrive - SAMTEL AVIONICS LIMITED\SAMTEL Project\IAT\IAT Reference documentation\IAT SW APPLICATION\IAT Software Application 25 aug Current\x64\Debug\DialogSmfd_ADC.obj
D:\OneDrive - SAMTEL AVIONICS LIMITED\SAMTEL Project\IAT\IAT Reference documentation\IAT SW APPLICATION\IAT Software Application 25 aug Current\x64\Debug\DialogSmfd_Tacan.obj
D:\OneDrive - SAMTEL AVIONICS LIMITED\SAMTEL Project\IAT\IAT Reference documentation\IAT SW APPLICATION\IAT Software Application 25 aug Current\x64\Debug\DialogStop.obj
D:\OneDrive - SAMTEL AVIONICS LIMITED\SAMTEL Project\IAT\IAT Reference documentation\IAT SW APPLICATION\IAT Software Application 25 aug Current\x64\Debug\Dialog_ADC_AIR1.obj
D:\OneDrive - SAMTEL AVIONICS LIMITED\SAMTEL Project\IAT\IAT Reference documentation\IAT SW APPLICATION\IAT Software Application 25 aug Current\x64\Debug\Dialog_ADC_AIR2.obj
D:\OneDrive - SAMTEL AVIONICS LIMITED\SAMTEL Project\IAT\IAT Reference documentation\IAT SW APPLICATION\IAT Software Application 25 aug Current\x64\Debug\Dialog_ADC_AIR3.obj
D:\OneDrive - SAMTEL AVIONICS LIMITED\SAMTEL Project\IAT\IAT Reference documentation\IAT SW APPLICATION\IAT Software Application 25 aug Current\x64\Debug\Dialog_ADC_Airspeed.obj
D:\OneDrive - SAMTEL AVIONICS LIMITED\SAMTEL Project\IAT\IAT Reference documentation\IAT SW APPLICATION\IAT Software Application 25 aug Current\x64\Debug\Dialog_ADC_ALTI2.obj
D:\OneDrive - SAMTEL AVIONICS LIMITED\SAMTEL Project\IAT\IAT Reference documentation\IAT SW APPLICATION\IAT Software Application 25 aug Current\x64\Debug\Dialog_ADC_ALTI3.obj
D:\OneDrive - SAMTEL AVIONICS LIMITED\SAMTEL Project\IAT\IAT Reference documentation\IAT SW APPLICATION\IAT Software Application 25 aug Current\x64\Debug\Dialog_ADC_ALTIRATE.obj
D:\OneDrive - SAMTEL AVIONICS LIMITED\SAMTEL Project\IAT\IAT Reference documentation\IAT SW APPLICATION\IAT Software Application 25 aug Current\x64\Debug\Dialog_ADC_FUNCHK.obj
D:\OneDrive - SAMTEL AVIONICS LIMITED\SAMTEL Project\IAT\IAT Reference documentation\IAT SW APPLICATION\IAT Software Application 25 aug Current\x64\Debug\Dialog_ADC_LEAK.obj
D:\OneDrive - SAMTEL AVIONICS LIMITED\SAMTEL Project\IAT\IAT Reference documentation\IAT SW APPLICATION\IAT Software Application 25 aug Current\x64\Debug\Dialog_ADC_MACH2.obj
D:\OneDrive - SAMTEL AVIONICS LIMITED\SAMTEL Project\IAT\IAT Reference documentation\IAT SW APPLICATION\IAT Software Application 25 aug Current\x64\Debug\Dialog_ADC_MachCHK.obj
D:\OneDrive - SAMTEL AVIONICS LIMITED\SAMTEL Project\IAT\IAT Reference documentation\IAT SW APPLICATION\IAT Software Application 25 aug Current\x64\Debug\Dialog_ADC_Visual.obj
D:\OneDrive - SAMTEL AVIONICS LIMITED\SAMTEL Project\IAT\IAT Reference documentation\IAT SW APPLICATION\IAT Software Application 25 aug Current\x64\Debug\Dialog_AHRS_PWR.obj
D:\OneDrive - SAMTEL AVIONICS LIMITED\SAMTEL Project\IAT\IAT Reference documentation\IAT SW APPLICATION\IAT Software Application 25 aug Current\x64\Debug\Dialog_AHRS_QualityChecks.obj
D:\OneDrive - SAMTEL AVIONICS LIMITED\SAMTEL Project\IAT\IAT Reference documentation\IAT SW APPLICATION\IAT Software Application 25 aug Current\x64\Debug\Dialog_AHRS_VISUAL.obj
D:\OneDrive - SAMTEL AVIONICS LIMITED\SAMTEL Project\IAT\IAT Reference documentation\IAT SW APPLICATION\IAT Software Application 25 aug Current\x64\Debug\Dialog_GPS_DBInfo.obj
D:\OneDrive - SAMTEL AVIONICS LIMITED\SAMTEL Project\IAT\IAT Reference documentation\IAT SW APPLICATION\IAT Software Application 25 aug Current\x64\Debug\Dialog_GPS_PWR.obj
D:\OneDrive - SAMTEL AVIONICS LIMITED\SAMTEL Project\IAT\IAT Reference documentation\IAT SW APPLICATION\IAT Software Application 25 aug Current\x64\Debug\Dialog_GPS_SYSINFO.obj
D:\OneDrive - SAMTEL AVIONICS LIMITED\SAMTEL Project\IAT\IAT Reference documentation\IAT SW APPLICATION\IAT Software Application 25 aug Current\x64\Debug\Dialog_GPS_VISUAL.obj
D:\OneDrive - SAMTEL AVIONICS LIMITED\SAMTEL Project\IAT\IAT Reference documentation\IAT SW APPLICATION\IAT Software Application 25 aug Current\x64\Debug\Dialog_ISIS_ALN.obj
D:\OneDrive - SAMTEL AVIONICS LIMITED\SAMTEL Project\IAT\IAT Reference documentation\IAT SW APPLICATION\IAT Software Application 25 aug Current\x64\Debug\Dialog_ISIS_BRTCHK.obj
D:\OneDrive - SAMTEL AVIONICS LIMITED\SAMTEL Project\IAT\IAT Reference documentation\IAT SW APPLICATION\IAT Software Application 25 aug Current\x64\Debug\Dialog_ISIS_IBIT.obj
D:\OneDrive - SAMTEL AVIONICS LIMITED\SAMTEL Project\IAT\IAT Reference documentation\IAT SW APPLICATION\IAT Software Application 25 aug Current\x64\Debug\Dialog_ISIS_NAVMODE.obj
D:\OneDrive - SAMTEL AVIONICS LIMITED\SAMTEL Project\IAT\IAT Reference documentation\IAT SW APPLICATION\IAT Software Application 25 aug Current\x64\Debug\Dialog_Smfd_Adc_RC.obj
D:\OneDrive - SAMTEL AVIONICS LIMITED\SAMTEL Project\IAT\IAT Reference documentation\IAT SW APPLICATION\IAT Software Application 25 aug Current\x64\Debug\Dialog_Smfd_AHRS_RC.obj
D:\OneDrive - SAMTEL AVIONICS LIMITED\SAMTEL Project\IAT\IAT Reference documentation\IAT SW APPLICATION\IAT Software Application 25 aug Current\x64\Debug\Dialog_Smfd_Analog.obj
D:\OneDrive - SAMTEL AVIONICS LIMITED\SAMTEL Project\IAT\IAT Reference documentation\IAT SW APPLICATION\IAT Software Application 25 aug Current\x64\Debug\Dialog_Smfd_Analog1_RC.obj
D:\OneDrive - SAMTEL AVIONICS LIMITED\SAMTEL Project\IAT\IAT Reference documentation\IAT SW APPLICATION\IAT Software Application 25 aug Current\x64\Debug\Dialog_Smfd_Analog2.obj
D:\OneDrive - SAMTEL AVIONICS LIMITED\SAMTEL Project\IAT\IAT Reference documentation\IAT SW APPLICATION\IAT Software Application 25 aug Current\x64\Debug\Dialog_Smfd_Analog_RC.obj
D:\OneDrive - SAMTEL AVIONICS LIMITED\SAMTEL Project\IAT\IAT Reference documentation\IAT SW APPLICATION\IAT Software Application 25 aug Current\x64\Debug\Dialog_Smfd_Discrete.obj
D:\OneDrive - SAMTEL AVIONICS LIMITED\SAMTEL Project\IAT\IAT Reference documentation\IAT SW APPLICATION\IAT Software Application 25 aug Current\x64\Debug\Dialog_Smfd_Discrete_RC.obj
D:\OneDrive - SAMTEL AVIONICS LIMITED\SAMTEL Project\IAT\IAT Reference documentation\IAT SW APPLICATION\IAT Software Application 25 aug Current\x64\Debug\Dialog_Smfd_Fuel.obj
D:\OneDrive - SAMTEL AVIONICS LIMITED\SAMTEL Project\IAT\IAT Reference documentation\IAT SW APPLICATION\IAT Software Application 25 aug Current\x64\Debug\Dialog_Smfd_Fuel_RC.obj
D:\OneDrive - SAMTEL AVIONICS LIMITED\SAMTEL Project\IAT\IAT Reference documentation\IAT SW APPLICATION\IAT Software Application 25 aug Current\x64\Debug\Dialog_SMFD_GPS.obj
D:\OneDrive - SAMTEL AVIONICS LIMITED\SAMTEL Project\IAT\IAT Reference documentation\IAT SW APPLICATION\IAT Software Application 25 aug Current\x64\Debug\Dialog_Smfd_Gps_RC.obj
D:\OneDrive - SAMTEL AVIONICS LIMITED\SAMTEL Project\IAT\IAT Reference documentation\IAT SW APPLICATION\IAT Software Application 25 aug Current\x64\Debug\Dialog_SMFD_PWR.obj
D:\OneDrive - SAMTEL AVIONICS LIMITED\SAMTEL Project\IAT\IAT Reference documentation\IAT SW APPLICATION\IAT Software Application 25 aug Current\x64\Debug\Dialog_Smfd_Pwr_RC.obj
D:\OneDrive - SAMTEL AVIONICS LIMITED\SAMTEL Project\IAT\IAT Reference documentation\IAT SW APPLICATION\IAT Software Application 25 aug Current\x64\Debug\Dialog_Smfd_Rev_Page.obj
D:\OneDrive - SAMTEL AVIONICS LIMITED\SAMTEL Project\IAT\IAT Reference documentation\IAT SW APPLICATION\IAT Software Application 25 aug Current\x64\Debug\Dialog_Smfd_Rev_RC.obj
D:\OneDrive - SAMTEL AVIONICS LIMITED\SAMTEL Project\IAT\IAT Reference documentation\IAT SW APPLICATION\IAT Software Application 25 aug Current\x64\Debug\Dialog_SMFD_SW.obj
D:\OneDrive - SAMTEL AVIONICS LIMITED\SAMTEL Project\IAT\IAT Reference documentation\IAT SW APPLICATION\IAT Software Application 25 aug Current\x64\Debug\Dialog_Smfd_Sw_RC.obj
D:\OneDrive - SAMTEL AVIONICS LIMITED\SAMTEL Project\IAT\IAT Reference documentation\IAT SW APPLICATION\IAT Software Application 25 aug Current\x64\Debug\Dialog_Smfd_Tacan_RC.obj
D:\OneDrive - SAMTEL AVIONICS LIMITED\SAMTEL Project\IAT\IAT Reference documentation\IAT SW APPLICATION\IAT Software Application 25 aug Current\x64\Debug\Dialog_Smfd_Visual.obj
D:\OneDrive - SAMTEL AVIONICS LIMITED\SAMTEL Project\IAT\IAT Reference documentation\IAT SW APPLICATION\IAT Software Application 25 aug Current\x64\Debug\Dialog_Smfd_Visual_RC.obj
D:\OneDrive - SAMTEL AVIONICS LIMITED\SAMTEL Project\IAT\IAT Reference documentation\IAT SW APPLICATION\IAT Software Application 25 aug Current\x64\Debug\Dialog_Smfd_VORILS.obj
D:\OneDrive - SAMTEL AVIONICS LIMITED\SAMTEL Project\IAT\IAT Reference documentation\IAT SW APPLICATION\IAT Software Application 25 aug Current\x64\Debug\Dialog_Smfd_Vorils_RC.obj
D:\OneDrive - SAMTEL AVIONICS LIMITED\SAMTEL Project\IAT\IAT Reference documentation\IAT SW APPLICATION\IAT Software Application 25 aug Current\x64\Debug\Dialog_VORTAC_PWR.obj
D:\OneDrive - SAMTEL AVIONICS LIMITED\SAMTEL Project\IAT\IAT Reference documentation\IAT SW APPLICATION\IAT Software Application 25 aug Current\x64\Debug\Dialog_VORTAC_Visual.obj
D:\OneDrive - SAMTEL AVIONICS LIMITED\SAMTEL Project\IAT\IAT Reference documentation\IAT SW APPLICATION\IAT Software Application 25 aug Current\x64\Debug\Dlg_ADC_PWR.obj
D:\OneDrive - SAMTEL AVIONICS LIMITED\SAMTEL Project\IAT\IAT Reference documentation\IAT SW APPLICATION\IAT Software Application 25 aug Current\x64\Debug\Dlg_ISIS_ADUTest.obj
D:\OneDrive - SAMTEL AVIONICS LIMITED\SAMTEL Project\IAT\IAT Reference documentation\IAT SW APPLICATION\IAT Software Application 25 aug Current\x64\Debug\Dlg_ISIS_AHRS.obj
D:\OneDrive - SAMTEL AVIONICS LIMITED\SAMTEL Project\IAT\IAT Reference documentation\IAT SW APPLICATION\IAT Software Application 25 aug Current\x64\Debug\Dlg_ISIS_PWR.obj
D:\OneDrive - SAMTEL AVIONICS LIMITED\SAMTEL Project\IAT\IAT Reference documentation\IAT SW APPLICATION\IAT Software Application 25 aug Current\x64\Debug\Dlg_ISIS_SWCHK.obj
D:\OneDrive - SAMTEL AVIONICS LIMITED\SAMTEL Project\IAT\IAT Reference documentation\IAT SW APPLICATION\IAT Software Application 25 aug Current\x64\Debug\DU_CBIT_Test.obj
D:\OneDrive - SAMTEL AVIONICS LIMITED\SAMTEL Project\IAT\IAT Reference documentation\IAT SW APPLICATION\IAT Software Application 25 aug Current\x64\Debug\DU_Color_Page.obj
D:\OneDrive - SAMTEL AVIONICS LIMITED\SAMTEL Project\IAT\IAT Reference documentation\IAT SW APPLICATION\IAT Software Application 25 aug Current\x64\Debug\DU_IBIT_Test.obj
D:\OneDrive - SAMTEL AVIONICS LIMITED\SAMTEL Project\IAT\IAT Reference documentation\IAT SW APPLICATION\IAT Software Application 25 aug Current\x64\Debug\DU_Mode_Page.obj
D:\OneDrive - SAMTEL AVIONICS LIMITED\SAMTEL Project\IAT\IAT Reference documentation\IAT SW APPLICATION\IAT Software Application 25 aug Current\x64\Debug\Ethernet_Communication.obj
D:\OneDrive - SAMTEL AVIONICS LIMITED\SAMTEL Project\IAT\IAT Reference documentation\IAT SW APPLICATION\IAT Software Application 25 aug Current\x64\Debug\font.obj
D:\OneDrive - SAMTEL AVIONICS LIMITED\SAMTEL Project\IAT\IAT Reference documentation\IAT SW APPLICATION\IAT Software Application 25 aug Current\x64\Debug\FormEmpty.obj
D:\OneDrive - SAMTEL AVIONICS LIMITED\SAMTEL Project\IAT\IAT Reference documentation\IAT SW APPLICATION\IAT Software Application 25 aug Current\x64\Debug\gfx_printjob.obj
D:\OneDrive - SAMTEL AVIONICS LIMITED\SAMTEL Project\IAT\IAT Reference documentation\IAT SW APPLICATION\IAT Software Application 25 aug Current\x64\Debug\gfx_printunit.obj
D:\OneDrive - SAMTEL AVIONICS LIMITED\SAMTEL Project\IAT\IAT Reference documentation\IAT SW APPLICATION\IAT Software Application 25 aug Current\x64\Debug\Globals.obj
D:\OneDrive - SAMTEL AVIONICS LIMITED\SAMTEL Project\IAT\IAT Reference documentation\IAT SW APPLICATION\IAT Software Application 25 aug Current\x64\Debug\helper.obj
D:\OneDrive - SAMTEL AVIONICS LIMITED\SAMTEL Project\IAT\IAT Reference documentation\IAT SW APPLICATION\IAT Software Application 25 aug Current\x64\Debug\HlprFuncs.obj
D:\OneDrive - SAMTEL AVIONICS LIMITED\SAMTEL Project\IAT\IAT Reference documentation\IAT SW APPLICATION\IAT Software Application 25 aug Current\x64\Debug\led.obj
D:\OneDrive - SAMTEL AVIONICS LIMITED\SAMTEL Project\IAT\IAT Reference documentation\IAT SW APPLICATION\IAT Software Application 25 aug Current\x64\Debug\MainFrm.obj
D:\OneDrive - SAMTEL AVIONICS LIMITED\SAMTEL Project\IAT\IAT Reference documentation\IAT SW APPLICATION\IAT Software Application 25 aug Current\x64\Debug\Mechanical_Test_Dlg.obj
D:\OneDrive - SAMTEL AVIONICS LIMITED\SAMTEL Project\IAT\IAT Reference documentation\IAT SW APPLICATION\IAT Software Application 25 aug Current\x64\Debug\MessageBox_Dlg.obj
D:\OneDrive - SAMTEL AVIONICS LIMITED\SAMTEL Project\IAT\IAT Reference documentation\IAT SW APPLICATION\IAT Software Application 25 aug Current\x64\Debug\MIL1553B_Communication.obj
D:\OneDrive - SAMTEL AVIONICS LIMITED\SAMTEL Project\IAT\IAT Reference documentation\IAT SW APPLICATION\IAT Software Application 25 aug Current\x64\Debug\Mouse.obj
D:\OneDrive - SAMTEL AVIONICS LIMITED\SAMTEL Project\IAT\IAT Reference documentation\IAT SW APPLICATION\IAT Software Application 25 aug Current\x64\Debug\MyCEditView.obj
D:\OneDrive - SAMTEL AVIONICS LIMITED\SAMTEL Project\IAT\IAT Reference documentation\IAT SW APPLICATION\IAT Software Application 25 aug Current\x64\Debug\MyListView.obj
D:\OneDrive - SAMTEL AVIONICS LIMITED\SAMTEL Project\IAT\IAT Reference documentation\IAT SW APPLICATION\IAT Software Application 25 aug Current\x64\Debug\MySplitterClass.obj
D:\OneDrive - SAMTEL AVIONICS LIMITED\SAMTEL Project\IAT\IAT Reference documentation\IAT SW APPLICATION\IAT Software Application 25 aug Current\x64\Debug\Optical_Brt_Day.obj
D:\OneDrive - SAMTEL AVIONICS LIMITED\SAMTEL Project\IAT\IAT Reference documentation\IAT SW APPLICATION\IAT Software Application 25 aug Current\x64\Debug\Optical_Brt_Night.obj
D:\OneDrive - SAMTEL AVIONICS LIMITED\SAMTEL Project\IAT\IAT Reference documentation\IAT SW APPLICATION\IAT Software Application 25 aug Current\x64\Debug\Optical_Brt_NonUniformity.obj
D:\OneDrive - SAMTEL AVIONICS LIMITED\SAMTEL Project\IAT\IAT Reference documentation\IAT SW APPLICATION\IAT Software Application 25 aug Current\x64\Debug\Optical_Chromaticity_Day.obj
D:\OneDrive - SAMTEL AVIONICS LIMITED\SAMTEL Project\IAT\IAT Reference documentation\IAT SW APPLICATION\IAT Software Application 25 aug Current\x64\Debug\Optical_Chromaticity_Night.obj
D:\OneDrive - SAMTEL AVIONICS LIMITED\SAMTEL Project\IAT\IAT Reference documentation\IAT SW APPLICATION\IAT Software Application 25 aug Current\x64\Debug\Optical_Contrast_Ratio.obj
D:\OneDrive - SAMTEL AVIONICS LIMITED\SAMTEL Project\IAT\IAT Reference documentation\IAT SW APPLICATION\IAT Software Application 25 aug Current\x64\Debug\Optical_Contrast_White.obj
D:\OneDrive - SAMTEL AVIONICS LIMITED\SAMTEL Project\IAT\IAT Reference documentation\IAT SW APPLICATION\IAT Software Application 25 aug Current\x64\Debug\Optical_Display_Area.obj
D:\OneDrive - SAMTEL AVIONICS LIMITED\SAMTEL Project\IAT\IAT Reference documentation\IAT SW APPLICATION\IAT Software Application 25 aug Current\x64\Debug\Optical_Pixel_Defect.obj
D:\OneDrive - SAMTEL AVIONICS LIMITED\SAMTEL Project\IAT\IAT Reference documentation\IAT SW APPLICATION\IAT Software Application 25 aug Current\x64\Debug\picture.obj
D:\OneDrive - SAMTEL AVIONICS LIMITED\SAMTEL Project\IAT\IAT Reference documentation\IAT SW APPLICATION\IAT Software Application 25 aug Current\x64\Debug\Picture1.obj
D:\OneDrive - SAMTEL AVIONICS LIMITED\SAMTEL Project\IAT\IAT Reference documentation\IAT SW APPLICATION\IAT Software Application 25 aug Current\x64\Debug\PlxInit.obj
D:\OneDrive - SAMTEL AVIONICS LIMITED\SAMTEL Project\IAT\IAT Reference documentation\IAT SW APPLICATION\IAT Software Application 25 aug Current\x64\Debug\PowerInterruption.obj
D:\OneDrive - SAMTEL AVIONICS LIMITED\SAMTEL Project\IAT\IAT Reference documentation\IAT SW APPLICATION\IAT Software Application 25 aug Current\x64\Debug\Power_Day.obj
D:\OneDrive - SAMTEL AVIONICS LIMITED\SAMTEL Project\IAT\IAT Reference documentation\IAT SW APPLICATION\IAT Software Application 25 aug Current\x64\Debug\ProgressDlg.obj
D:\OneDrive - SAMTEL AVIONICS LIMITED\SAMTEL Project\IAT\IAT Reference documentation\IAT SW APPLICATION\IAT Software Application 25 aug Current\x64\Debug\rowcursor.obj
D:\OneDrive - SAMTEL AVIONICS LIMITED\SAMTEL Project\IAT\IAT Reference documentation\IAT SW APPLICATION\IAT Software Application 25 aug Current\x64\Debug\RS422_PORT1.obj
D:\OneDrive - SAMTEL AVIONICS LIMITED\SAMTEL Project\IAT\IAT Reference documentation\IAT SW APPLICATION\IAT Software Application 25 aug Current\x64\Debug\RS422_Port2.obj
D:\OneDrive - SAMTEL AVIONICS LIMITED\SAMTEL Project\IAT\IAT Reference documentation\IAT SW APPLICATION\IAT Software Application 25 aug Current\x64\Debug\Schedule.obj
D:\OneDrive - SAMTEL AVIONICS LIMITED\SAMTEL Project\IAT\IAT Reference documentation\IAT SW APPLICATION\IAT Software Application 25 aug Current\x64\Debug\SerialPort.obj
D:\OneDrive - SAMTEL AVIONICS LIMITED\SAMTEL Project\IAT\IAT Reference documentation\IAT SW APPLICATION\IAT Software Application 25 aug Current\x64\Debug\SIPUPowerONPage.obj
D:\OneDrive - SAMTEL AVIONICS LIMITED\SAMTEL Project\IAT\IAT Reference documentation\IAT SW APPLICATION\IAT Software Application 25 aug Current\x64\Debug\SIPU_SDU_GndRig.obj
D:\OneDrive - SAMTEL AVIONICS LIMITED\SAMTEL Project\IAT\IAT Reference documentation\IAT SW APPLICATION\IAT Software Application 25 aug Current\x64\Debug\SIPU_SDU_GndRigDoc.obj
D:\OneDrive - SAMTEL AVIONICS LIMITED\SAMTEL Project\IAT\IAT Reference documentation\IAT SW APPLICATION\IAT Software Application 25 aug Current\x64\Debug\SIPU_SDU_GndRigView.obj
D:\OneDrive - SAMTEL AVIONICS LIMITED\SAMTEL Project\IAT\IAT Reference documentation\IAT SW APPLICATION\IAT Software Application 25 aug Current\x64\Debug\Splach.obj
D:\OneDrive - SAMTEL AVIONICS LIMITED\SAMTEL Project\IAT\IAT Reference documentation\IAT SW APPLICATION\IAT Software Application 25 aug Current\x64\Debug\StdAfx.obj
D:\OneDrive - SAMTEL AVIONICS LIMITED\SAMTEL Project\IAT\IAT Reference documentation\IAT SW APPLICATION\IAT Software Application 25 aug Current\x64\Debug\TestTable.obj
D:\OneDrive - SAMTEL AVIONICS LIMITED\SAMTEL Project\IAT\IAT Reference documentation\IAT SW APPLICATION\IAT Software Application 25 aug Current\x64\Debug\unit_headerpage.obj
D:\OneDrive - SAMTEL AVIONICS LIMITED\SAMTEL Project\IAT\IAT Reference documentation\IAT SW APPLICATION\IAT Software Application 25 aug Current\x64\Debug\unit_indexpage.obj
D:\OneDrive - SAMTEL AVIONICS LIMITED\SAMTEL Project\IAT\IAT Reference documentation\IAT SW APPLICATION\IAT Software Application 25 aug Current\x64\Debug\unit_table1.obj
D:\OneDrive - SAMTEL AVIONICS LIMITED\SAMTEL Project\IAT\IAT Reference documentation\IAT SW APPLICATION\IAT Software Application 25 aug Current\x64\Debug\USB_Communication.obj
D:\OneDrive - SAMTEL AVIONICS LIMITED\SAMTEL Project\IAT\IAT Reference documentation\IAT SW APPLICATION\IAT Software Application 25 aug Current\x64\Debug\UserAuthendication.obj
D:\OneDrive - SAMTEL AVIONICS LIMITED\SAMTEL Project\IAT\IAT Reference documentation\IAT SW APPLICATION\IAT Software Application 25 aug Current\x64\Debug\VisualInspection.obj
D:\OneDrive - SAMTEL AVIONICS LIMITED\SAMTEL Project\IAT\IAT Reference documentation\IAT SW APPLICATION\IAT Software Application 25 aug Current\x64\Debug\Visual_LCDPanelChecks.obj
D:\OneDrive - SAMTEL AVIONICS LIMITED\SAMTEL Project\IAT\IAT Reference documentation\IAT SW APPLICATION\IAT Software Application 25 aug Current\x64\Debug\WndSlider.obj
D:\OneDrive - SAMTEL AVIONICS LIMITED\SAMTEL Project\IAT\IAT Reference documentation\IAT SW APPLICATION\IAT Software Application 25 aug Current\x64\Debug\XComboList.obj
D:\OneDrive - SAMTEL AVIONICS LIMITED\SAMTEL Project\IAT\IAT Reference documentation\IAT SW APPLICATION\IAT Software Application 25 aug Current\x64\Debug\XHeaderCtrl.obj
D:\OneDrive - SAMTEL AVIONICS LIMITED\SAMTEL Project\IAT\IAT Reference documentation\IAT SW APPLICATION\IAT Software Application 25 aug Current\x64\Debug\XListCtrl.obj
D:\OneDrive - SAMTEL AVIONICS LIMITED\SAMTEL Project\IAT\IAT Reference documentation\IAT SW APPLICATION\IAT Software Application 25 aug Current\x64\Debug\XTOutlookBar.obj
D:\OneDrive - SAMTEL AVIONICS LIMITED\SAMTEL Project\IAT\IAT Reference documentation\IAT SW APPLICATION\IAT Software Application 25 aug Current\x64\Debug\XTPagerCtrl.obj
D:\OneDrive - SAMTEL AVIONICS LIMITED\SAMTEL Project\IAT\IAT Reference documentation\IAT SW APPLICATION\IAT Software Application 25 aug Current\x64\Debug\BscMake.command.1.tlog
D:\OneDrive - SAMTEL AVIONICS LIMITED\SAMTEL Project\IAT\IAT Reference documentation\IAT SW APPLICATION\IAT Software Application 25 aug Current\x64\Debug\bscmake.read.1.tlog
D:\OneDrive - SAMTEL AVIONICS LIMITED\SAMTEL Project\IAT\IAT Reference documentation\IAT SW APPLICATION\IAT Software Application 25 aug Current\x64\Debug\bscmake.write.1.tlog
D:\OneDrive - SAMTEL AVIONICS LIMITED\SAMTEL Project\IAT\IAT Reference documentation\IAT SW APPLICATION\IAT Software Application 25 aug Current\x64\Debug\CL.1016.read.1.tlog
D:\OneDrive - SAMTEL AVIONICS LIMITED\SAMTEL Project\IAT\IAT Reference documentation\IAT SW APPLICATION\IAT Software Application 25 aug Current\x64\Debug\CL.1016.write.1.tlog
D:\OneDrive - SAMTEL AVIONICS LIMITED\SAMTEL Project\IAT\IAT Reference documentation\IAT SW APPLICATION\IAT Software Application 25 aug Current\x64\Debug\CL.10172.read.1.tlog
D:\OneDrive - SAMTEL AVIONICS LIMITED\SAMTEL Project\IAT\IAT Reference documentation\IAT SW APPLICATION\IAT Software Application 25 aug Current\x64\Debug\CL.10172.write.1.tlog
D:\OneDrive - SAMTEL AVIONICS LIMITED\SAMTEL Project\IAT\IAT Reference documentation\IAT SW APPLICATION\IAT Software Application 25 aug Current\x64\Debug\CL.10536.read.1.tlog
D:\OneDrive - SAMTEL AVIONICS LIMITED\SAMTEL Project\IAT\IAT Reference documentation\IAT SW APPLICATION\IAT Software Application 25 aug Current\x64\Debug\CL.10536.write.1.tlog
D:\OneDrive - SAMTEL AVIONICS LIMITED\SAMTEL Project\IAT\IAT Reference documentation\IAT SW APPLICATION\IAT Software Application 25 aug Current\x64\Debug\CL.10764.read.1.tlog
D:\OneDrive - SAMTEL AVIONICS LIMITED\SAMTEL Project\IAT\IAT Reference documentation\IAT SW APPLICATION\IAT Software Application 25 aug Current\x64\Debug\CL.10764.write.1.tlog
D:\OneDrive - SAMTEL AVIONICS LIMITED\SAMTEL Project\IAT\IAT Reference documentation\IAT SW APPLICATION\IAT Software Application 25 aug Current\x64\Debug\CL.10928.read.1.tlog
D:\OneDrive - SAMTEL AVIONICS LIMITED\SAMTEL Project\IAT\IAT Reference documentation\IAT SW APPLICATION\IAT Software Application 25 aug Current\x64\Debug\CL.10928.write.1.tlog
D:\OneDrive - SAMTEL AVIONICS LIMITED\SAMTEL Project\IAT\IAT Reference documentation\IAT SW APPLICATION\IAT Software Application 25 aug Current\x64\Debug\CL.11460.read.1.tlog
D:\OneDrive - SAMTEL AVIONICS LIMITED\SAMTEL Project\IAT\IAT Reference documentation\IAT SW APPLICATION\IAT Software Application 25 aug Current\x64\Debug\CL.11460.write.1.tlog
D:\OneDrive - SAMTEL AVIONICS LIMITED\SAMTEL Project\IAT\IAT Reference documentation\IAT SW APPLICATION\IAT Software Application 25 aug Current\x64\Debug\CL.1160.read.1.tlog
D:\OneDrive - SAMTEL AVIONICS LIMITED\SAMTEL Project\IAT\IAT Reference documentation\IAT SW APPLICATION\IAT Software Application 25 aug Current\x64\Debug\CL.1160.write.1.tlog
D:\OneDrive - SAMTEL AVIONICS LIMITED\SAMTEL Project\IAT\IAT Reference documentation\IAT SW APPLICATION\IAT Software Application 25 aug Current\x64\Debug\CL.11960.read.1.tlog
D:\OneDrive - SAMTEL AVIONICS LIMITED\SAMTEL Project\IAT\IAT Reference documentation\IAT SW APPLICATION\IAT Software Application 25 aug Current\x64\Debug\CL.11960.write.1.tlog
D:\OneDrive - SAMTEL AVIONICS LIMITED\SAMTEL Project\IAT\IAT Reference documentation\IAT SW APPLICATION\IAT Software Application 25 aug Current\x64\Debug\CL.12376.read.1.tlog
D:\OneDrive - SAMTEL AVIONICS LIMITED\SAMTEL Project\IAT\IAT Reference documentation\IAT SW APPLICATION\IAT Software Application 25 aug Current\x64\Debug\CL.12376.write.1.tlog
D:\OneDrive - SAMTEL AVIONICS LIMITED\SAMTEL Project\IAT\IAT Reference documentation\IAT SW APPLICATION\IAT Software Application 25 aug Current\x64\Debug\CL.12688.read.1.tlog
D:\OneDrive - SAMTEL AVIONICS LIMITED\SAMTEL Project\IAT\IAT Reference documentation\IAT SW APPLICATION\IAT Software Application 25 aug Current\x64\Debug\CL.12688.write.1.tlog
D:\OneDrive - SAMTEL AVIONICS LIMITED\SAMTEL Project\IAT\IAT Reference documentation\IAT SW APPLICATION\IAT Software Application 25 aug Current\x64\Debug\CL.12692.read.1.tlog
D:\OneDrive - SAMTEL AVIONICS LIMITED\SAMTEL Project\IAT\IAT Reference documentation\IAT SW APPLICATION\IAT Software Application 25 aug Current\x64\Debug\CL.12692.write.1.tlog
D:\OneDrive - SAMTEL AVIONICS LIMITED\SAMTEL Project\IAT\IAT Reference documentation\IAT SW APPLICATION\IAT Software Application 25 aug Current\x64\Debug\CL.13136.read.1.tlog
D:\OneDrive - SAMTEL AVIONICS LIMITED\SAMTEL Project\IAT\IAT Reference documentation\IAT SW APPLICATION\IAT Software Application 25 aug Current\x64\Debug\CL.13136.write.1.tlog
D:\OneDrive - SAMTEL AVIONICS LIMITED\SAMTEL Project\IAT\IAT Reference documentation\IAT SW APPLICATION\IAT Software Application 25 aug Current\x64\Debug\CL.13196.read.1.tlog
D:\OneDrive - SAMTEL AVIONICS LIMITED\SAMTEL Project\IAT\IAT Reference documentation\IAT SW APPLICATION\IAT Software Application 25 aug Current\x64\Debug\CL.13196.write.1.tlog
D:\OneDrive - SAMTEL AVIONICS LIMITED\SAMTEL Project\IAT\IAT Reference documentation\IAT SW APPLICATION\IAT Software Application 25 aug Current\x64\Debug\CL.13340.read.1.tlog
D:\OneDrive - SAMTEL AVIONICS LIMITED\SAMTEL Project\IAT\IAT Reference documentation\IAT SW APPLICATION\IAT Software Application 25 aug Current\x64\Debug\CL.13340.write.1.tlog
D:\OneDrive - SAMTEL AVIONICS LIMITED\SAMTEL Project\IAT\IAT Reference documentation\IAT SW APPLICATION\IAT Software Application 25 aug Current\x64\Debug\CL.13488.read.1.tlog
D:\OneDrive - SAMTEL AVIONICS LIMITED\SAMTEL Project\IAT\IAT Reference documentation\IAT SW APPLICATION\IAT Software Application 25 aug Current\x64\Debug\CL.13488.write.1.tlog
D:\OneDrive - SAMTEL AVIONICS LIMITED\SAMTEL Project\IAT\IAT Reference documentation\IAT SW APPLICATION\IAT Software Application 25 aug Current\x64\Debug\CL.13576.read.1.tlog
D:\OneDrive - SAMTEL AVIONICS LIMITED\SAMTEL Project\IAT\IAT Reference documentation\IAT SW APPLICATION\IAT Software Application 25 aug Current\x64\Debug\CL.13576.write.1.tlog
D:\OneDrive - SAMTEL AVIONICS LIMITED\SAMTEL Project\IAT\IAT Reference documentation\IAT SW APPLICATION\IAT Software Application 25 aug Current\x64\Debug\CL.13588.read.1.tlog
D:\OneDrive - SAMTEL AVIONICS LIMITED\SAMTEL Project\IAT\IAT Reference documentation\IAT SW APPLICATION\IAT Software Application 25 aug Current\x64\Debug\CL.13588.write.1.tlog
D:\OneDrive - SAMTEL AVIONICS LIMITED\SAMTEL Project\IAT\IAT Reference documentation\IAT SW APPLICATION\IAT Software Application 25 aug Current\x64\Debug\CL.14040.read.1.tlog
D:\OneDrive - SAMTEL AVIONICS LIMITED\SAMTEL Project\IAT\IAT Reference documentation\IAT SW APPLICATION\IAT Software Application 25 aug Current\x64\Debug\CL.14040.write.1.tlog
D:\OneDrive - SAMTEL AVIONICS LIMITED\SAMTEL Project\IAT\IAT Reference documentation\IAT SW APPLICATION\IAT Software Application 25 aug Current\x64\Debug\CL.14576.read.1.tlog
D:\OneDrive - SAMTEL AVIONICS LIMITED\SAMTEL Project\IAT\IAT Reference documentation\IAT SW APPLICATION\IAT Software Application 25 aug Current\x64\Debug\CL.14576.write.1.tlog
D:\OneDrive - SAMTEL AVIONICS LIMITED\SAMTEL Project\IAT\IAT Reference documentation\IAT SW APPLICATION\IAT Software Application 25 aug Current\x64\Debug\CL.14980.read.1.tlog
D:\OneDrive - SAMTEL AVIONICS LIMITED\SAMTEL Project\IAT\IAT Reference documentation\IAT SW APPLICATION\IAT Software Application 25 aug Current\x64\Debug\CL.14980.write.1.tlog
D:\OneDrive - SAMTEL AVIONICS LIMITED\SAMTEL Project\IAT\IAT Reference documentation\IAT SW APPLICATION\IAT Software Application 25 aug Current\x64\Debug\CL.15320.read.1.tlog
D:\OneDrive - SAMTEL AVIONICS LIMITED\SAMTEL Project\IAT\IAT Reference documentation\IAT SW APPLICATION\IAT Software Application 25 aug Current\x64\Debug\CL.15320.write.1.tlog
D:\OneDrive - SAMTEL AVIONICS LIMITED\SAMTEL Project\IAT\IAT Reference documentation\IAT SW APPLICATION\IAT Software Application 25 aug Current\x64\Debug\CL.16556.read.1.tlog
D:\OneDrive - SAMTEL AVIONICS LIMITED\SAMTEL Project\IAT\IAT Reference documentation\IAT SW APPLICATION\IAT Software Application 25 aug Current\x64\Debug\CL.16556.write.1.tlog
D:\OneDrive - SAMTEL AVIONICS LIMITED\SAMTEL Project\IAT\IAT Reference documentation\IAT SW APPLICATION\IAT Software Application 25 aug Current\x64\Debug\CL.17296.read.1.tlog
D:\OneDrive - SAMTEL AVIONICS LIMITED\SAMTEL Project\IAT\IAT Reference documentation\IAT SW APPLICATION\IAT Software Application 25 aug Current\x64\Debug\CL.17296.write.1.tlog
D:\OneDrive - SAMTEL AVIONICS LIMITED\SAMTEL Project\IAT\IAT Reference documentation\IAT SW APPLICATION\IAT Software Application 25 aug Current\x64\Debug\CL.17468.read.1.tlog
D:\OneDrive - SAMTEL AVIONICS LIMITED\SAMTEL Project\IAT\IAT Reference documentation\IAT SW APPLICATION\IAT Software Application 25 aug Current\x64\Debug\CL.17468.write.1.tlog
D:\OneDrive - SAMTEL AVIONICS LIMITED\SAMTEL Project\IAT\IAT Reference documentation\IAT SW APPLICATION\IAT Software Application 25 aug Current\x64\Debug\CL.17672.read.1.tlog
D:\OneDrive - SAMTEL AVIONICS LIMITED\SAMTEL Project\IAT\IAT Reference documentation\IAT SW APPLICATION\IAT Software Application 25 aug Current\x64\Debug\CL.17672.write.1.tlog
D:\OneDrive - SAMTEL AVIONICS LIMITED\SAMTEL Project\IAT\IAT Reference documentation\IAT SW APPLICATION\IAT Software Application 25 aug Current\x64\Debug\CL.17804.read.1.tlog
D:\OneDrive - SAMTEL AVIONICS LIMITED\SAMTEL Project\IAT\IAT Reference documentation\IAT SW APPLICATION\IAT Software Application 25 aug Current\x64\Debug\CL.17804.write.1.tlog
D:\OneDrive - SAMTEL AVIONICS LIMITED\SAMTEL Project\IAT\IAT Reference documentation\IAT SW APPLICATION\IAT Software Application 25 aug Current\x64\Debug\CL.17812.read.1.tlog
D:\OneDrive - SAMTEL AVIONICS LIMITED\SAMTEL Project\IAT\IAT Reference documentation\IAT SW APPLICATION\IAT Software Application 25 aug Current\x64\Debug\CL.17812.write.1.tlog
D:\OneDrive - SAMTEL AVIONICS LIMITED\SAMTEL Project\IAT\IAT Reference documentation\IAT SW APPLICATION\IAT Software Application 25 aug Current\x64\Debug\CL.17912.read.1.tlog
D:\OneDrive - SAMTEL AVIONICS LIMITED\SAMTEL Project\IAT\IAT Reference documentation\IAT SW APPLICATION\IAT Software Application 25 aug Current\x64\Debug\CL.17912.write.1.tlog
D:\OneDrive - SAMTEL AVIONICS LIMITED\SAMTEL Project\IAT\IAT Reference documentation\IAT SW APPLICATION\IAT Software Application 25 aug Current\x64\Debug\CL.18772.read.1.tlog
D:\OneDrive - SAMTEL AVIONICS LIMITED\SAMTEL Project\IAT\IAT Reference documentation\IAT SW APPLICATION\IAT Software Application 25 aug Current\x64\Debug\CL.18772.write.1.tlog
D:\OneDrive - SAMTEL AVIONICS LIMITED\SAMTEL Project\IAT\IAT Reference documentation\IAT SW APPLICATION\IAT Software Application 25 aug Current\x64\Debug\CL.19080.read.1.tlog
D:\OneDrive - SAMTEL AVIONICS LIMITED\SAMTEL Project\IAT\IAT Reference documentation\IAT SW APPLICATION\IAT Software Application 25 aug Current\x64\Debug\CL.19080.write.1.tlog
D:\OneDrive - SAMTEL AVIONICS LIMITED\SAMTEL Project\IAT\IAT Reference documentation\IAT SW APPLICATION\IAT Software Application 25 aug Current\x64\Debug\CL.19904.read.1.tlog
D:\OneDrive - SAMTEL AVIONICS LIMITED\SAMTEL Project\IAT\IAT Reference documentation\IAT SW APPLICATION\IAT Software Application 25 aug Current\x64\Debug\CL.19904.write.1.tlog
D:\OneDrive - SAMTEL AVIONICS LIMITED\SAMTEL Project\IAT\IAT Reference documentation\IAT SW APPLICATION\IAT Software Application 25 aug Current\x64\Debug\CL.20948.read.1.tlog
D:\OneDrive - SAMTEL AVIONICS LIMITED\SAMTEL Project\IAT\IAT Reference documentation\IAT SW APPLICATION\IAT Software Application 25 aug Current\x64\Debug\CL.20948.write.1.tlog
D:\OneDrive - SAMTEL AVIONICS LIMITED\SAMTEL Project\IAT\IAT Reference documentation\IAT SW APPLICATION\IAT Software Application 25 aug Current\x64\Debug\CL.21408.read.1.tlog
D:\OneDrive - SAMTEL AVIONICS LIMITED\SAMTEL Project\IAT\IAT Reference documentation\IAT SW APPLICATION\IAT Software Application 25 aug Current\x64\Debug\CL.21408.write.1.tlog
D:\OneDrive - SAMTEL AVIONICS LIMITED\SAMTEL Project\IAT\IAT Reference documentation\IAT SW APPLICATION\IAT Software Application 25 aug Current\x64\Debug\CL.21892.read.1.tlog
D:\OneDrive - SAMTEL AVIONICS LIMITED\SAMTEL Project\IAT\IAT Reference documentation\IAT SW APPLICATION\IAT Software Application 25 aug Current\x64\Debug\CL.21892.write.1.tlog
D:\OneDrive - SAMTEL AVIONICS LIMITED\SAMTEL Project\IAT\IAT Reference documentation\IAT SW APPLICATION\IAT Software Application 25 aug Current\x64\Debug\CL.21924.read.1.tlog
D:\OneDrive - SAMTEL AVIONICS LIMITED\SAMTEL Project\IAT\IAT Reference documentation\IAT SW APPLICATION\IAT Software Application 25 aug Current\x64\Debug\CL.21924.write.1.tlog
D:\OneDrive - SAMTEL AVIONICS LIMITED\SAMTEL Project\IAT\IAT Reference documentation\IAT SW APPLICATION\IAT Software Application 25 aug Current\x64\Debug\CL.22108.read.1.tlog
D:\OneDrive - SAMTEL AVIONICS LIMITED\SAMTEL Project\IAT\IAT Reference documentation\IAT SW APPLICATION\IAT Software Application 25 aug Current\x64\Debug\CL.22108.write.1.tlog
D:\OneDrive - SAMTEL AVIONICS LIMITED\SAMTEL Project\IAT\IAT Reference documentation\IAT SW APPLICATION\IAT Software Application 25 aug Current\x64\Debug\CL.22128.read.1.tlog
D:\OneDrive - SAMTEL AVIONICS LIMITED\SAMTEL Project\IAT\IAT Reference documentation\IAT SW APPLICATION\IAT Software Application 25 aug Current\x64\Debug\CL.22128.write.1.tlog
D:\OneDrive - SAMTEL AVIONICS LIMITED\SAMTEL Project\IAT\IAT Reference documentation\IAT SW APPLICATION\IAT Software Application 25 aug Current\x64\Debug\CL.23092.read.1.tlog
D:\OneDrive - SAMTEL AVIONICS LIMITED\SAMTEL Project\IAT\IAT Reference documentation\IAT SW APPLICATION\IAT Software Application 25 aug Current\x64\Debug\CL.23092.write.1.tlog
D:\OneDrive - SAMTEL AVIONICS LIMITED\SAMTEL Project\IAT\IAT Reference documentation\IAT SW APPLICATION\IAT Software Application 25 aug Current\x64\Debug\CL.23740.read.1.tlog
D:\OneDrive - SAMTEL AVIONICS LIMITED\SAMTEL Project\IAT\IAT Reference documentation\IAT SW APPLICATION\IAT Software Application 25 aug Current\x64\Debug\CL.23740.write.1.tlog
D:\OneDrive - SAMTEL AVIONICS LIMITED\SAMTEL Project\IAT\IAT Reference documentation\IAT SW APPLICATION\IAT Software Application 25 aug Current\x64\Debug\CL.23820.read.1.tlog
D:\OneDrive - SAMTEL AVIONICS LIMITED\SAMTEL Project\IAT\IAT Reference documentation\IAT SW APPLICATION\IAT Software Application 25 aug Current\x64\Debug\CL.23820.write.1.tlog
D:\OneDrive - SAMTEL AVIONICS LIMITED\SAMTEL Project\IAT\IAT Reference documentation\IAT SW APPLICATION\IAT Software Application 25 aug Current\x64\Debug\CL.24280.read.1.tlog
D:\OneDrive - SAMTEL AVIONICS LIMITED\SAMTEL Project\IAT\IAT Reference documentation\IAT SW APPLICATION\IAT Software Application 25 aug Current\x64\Debug\CL.24280.write.1.tlog
D:\OneDrive - SAMTEL AVIONICS LIMITED\SAMTEL Project\IAT\IAT Reference documentation\IAT SW APPLICATION\IAT Software Application 25 aug Current\x64\Debug\CL.24548.read.1.tlog
D:\OneDrive - SAMTEL AVIONICS LIMITED\SAMTEL Project\IAT\IAT Reference documentation\IAT SW APPLICATION\IAT Software Application 25 aug Current\x64\Debug\CL.24548.write.1.tlog
D:\OneDrive - SAMTEL AVIONICS LIMITED\SAMTEL Project\IAT\IAT Reference documentation\IAT SW APPLICATION\IAT Software Application 25 aug Current\x64\Debug\CL.24552.read.1.tlog
D:\OneDrive - SAMTEL AVIONICS LIMITED\SAMTEL Project\IAT\IAT Reference documentation\IAT SW APPLICATION\IAT Software Application 25 aug Current\x64\Debug\CL.24552.write.1.tlog
D:\OneDrive - SAMTEL AVIONICS LIMITED\SAMTEL Project\IAT\IAT Reference documentation\IAT SW APPLICATION\IAT Software Application 25 aug Current\x64\Debug\CL.25172.read.1.tlog
D:\OneDrive - SAMTEL AVIONICS LIMITED\SAMTEL Project\IAT\IAT Reference documentation\IAT SW APPLICATION\IAT Software Application 25 aug Current\x64\Debug\CL.25172.write.1.tlog
D:\OneDrive - SAMTEL AVIONICS LIMITED\SAMTEL Project\IAT\IAT Reference documentation\IAT SW APPLICATION\IAT Software Application 25 aug Current\x64\Debug\CL.25528.read.1.tlog
D:\OneDrive - SAMTEL AVIONICS LIMITED\SAMTEL Project\IAT\IAT Reference documentation\IAT SW APPLICATION\IAT Software Application 25 aug Current\x64\Debug\CL.25528.write.1.tlog
D:\OneDrive - SAMTEL AVIONICS LIMITED\SAMTEL Project\IAT\IAT Reference documentation\IAT SW APPLICATION\IAT Software Application 25 aug Current\x64\Debug\CL.25700.read.1.tlog
D:\OneDrive - SAMTEL AVIONICS LIMITED\SAMTEL Project\IAT\IAT Reference documentation\IAT SW APPLICATION\IAT Software Application 25 aug Current\x64\Debug\CL.25700.write.1.tlog
D:\OneDrive - SAMTEL AVIONICS LIMITED\SAMTEL Project\IAT\IAT Reference documentation\IAT SW APPLICATION\IAT Software Application 25 aug Current\x64\Debug\CL.25896.read.1.tlog
D:\OneDrive - SAMTEL AVIONICS LIMITED\SAMTEL Project\IAT\IAT Reference documentation\IAT SW APPLICATION\IAT Software Application 25 aug Current\x64\Debug\CL.25896.write.1.tlog
D:\OneDrive - SAMTEL AVIONICS LIMITED\SAMTEL Project\IAT\IAT Reference documentation\IAT SW APPLICATION\IAT Software Application 25 aug Current\x64\Debug\CL.25944.read.1.tlog
D:\OneDrive - SAMTEL AVIONICS LIMITED\SAMTEL Project\IAT\IAT Reference documentation\IAT SW APPLICATION\IAT Software Application 25 aug Current\x64\Debug\CL.25944.write.1.tlog
D:\OneDrive - SAMTEL AVIONICS LIMITED\SAMTEL Project\IAT\IAT Reference documentation\IAT SW APPLICATION\IAT Software Application 25 aug Current\x64\Debug\CL.26364.read.1.tlog
D:\OneDrive - SAMTEL AVIONICS LIMITED\SAMTEL Project\IAT\IAT Reference documentation\IAT SW APPLICATION\IAT Software Application 25 aug Current\x64\Debug\CL.26364.write.1.tlog
D:\OneDrive - SAMTEL AVIONICS LIMITED\SAMTEL Project\IAT\IAT Reference documentation\IAT SW APPLICATION\IAT Software Application 25 aug Current\x64\Debug\CL.3244.read.1.tlog
D:\OneDrive - SAMTEL AVIONICS LIMITED\SAMTEL Project\IAT\IAT Reference documentation\IAT SW APPLICATION\IAT Software Application 25 aug Current\x64\Debug\CL.3244.write.1.tlog
D:\OneDrive - SAMTEL AVIONICS LIMITED\SAMTEL Project\IAT\IAT Reference documentation\IAT SW APPLICATION\IAT Software Application 25 aug Current\x64\Debug\CL.3984.read.1.tlog
D:\OneDrive - SAMTEL AVIONICS LIMITED\SAMTEL Project\IAT\IAT Reference documentation\IAT SW APPLICATION\IAT Software Application 25 aug Current\x64\Debug\CL.3984.write.1.tlog
D:\OneDrive - SAMTEL AVIONICS LIMITED\SAMTEL Project\IAT\IAT Reference documentation\IAT SW APPLICATION\IAT Software Application 25 aug Current\x64\Debug\CL.4160.read.1.tlog
D:\OneDrive - SAMTEL AVIONICS LIMITED\SAMTEL Project\IAT\IAT Reference documentation\IAT SW APPLICATION\IAT Software Application 25 aug Current\x64\Debug\CL.4160.write.1.tlog
D:\OneDrive - SAMTEL AVIONICS LIMITED\SAMTEL Project\IAT\IAT Reference documentation\IAT SW APPLICATION\IAT Software Application 25 aug Current\x64\Debug\CL.6376.read.1.tlog
D:\OneDrive - SAMTEL AVIONICS LIMITED\SAMTEL Project\IAT\IAT Reference documentation\IAT SW APPLICATION\IAT Software Application 25 aug Current\x64\Debug\CL.6376.write.1.tlog
D:\OneDrive - SAMTEL AVIONICS LIMITED\SAMTEL Project\IAT\IAT Reference documentation\IAT SW APPLICATION\IAT Software Application 25 aug Current\x64\Debug\CL.6416.read.1.tlog
D:\OneDrive - SAMTEL AVIONICS LIMITED\SAMTEL Project\IAT\IAT Reference documentation\IAT SW APPLICATION\IAT Software Application 25 aug Current\x64\Debug\CL.6416.write.1.tlog
D:\OneDrive - SAMTEL AVIONICS LIMITED\SAMTEL Project\IAT\IAT Reference documentation\IAT SW APPLICATION\IAT Software Application 25 aug Current\x64\Debug\CL.6420.read.1.tlog
D:\OneDrive - SAMTEL AVIONICS LIMITED\SAMTEL Project\IAT\IAT Reference documentation\IAT SW APPLICATION\IAT Software Application 25 aug Current\x64\Debug\CL.6420.write.1.tlog
D:\OneDrive - SAMTEL AVIONICS LIMITED\SAMTEL Project\IAT\IAT Reference documentation\IAT SW APPLICATION\IAT Software Application 25 aug Current\x64\Debug\CL.648.read.1.tlog
D:\OneDrive - SAMTEL AVIONICS LIMITED\SAMTEL Project\IAT\IAT Reference documentation\IAT SW APPLICATION\IAT Software Application 25 aug Current\x64\Debug\CL.648.write.1.tlog
D:\OneDrive - SAMTEL AVIONICS LIMITED\SAMTEL Project\IAT\IAT Reference documentation\IAT SW APPLICATION\IAT Software Application 25 aug Current\x64\Debug\CL.7040.read.1.tlog
D:\OneDrive - SAMTEL AVIONICS LIMITED\SAMTEL Project\IAT\IAT Reference documentation\IAT SW APPLICATION\IAT Software Application 25 aug Current\x64\Debug\CL.7040.write.1.tlog
D:\OneDrive - SAMTEL AVIONICS LIMITED\SAMTEL Project\IAT\IAT Reference documentation\IAT SW APPLICATION\IAT Software Application 25 aug Current\x64\Debug\CL.7868.read.1.tlog
D:\OneDrive - SAMTEL AVIONICS LIMITED\SAMTEL Project\IAT\IAT Reference documentation\IAT SW APPLICATION\IAT Software Application 25 aug Current\x64\Debug\CL.7868.write.1.tlog
D:\OneDrive - SAMTEL AVIONICS LIMITED\SAMTEL Project\IAT\IAT Reference documentation\IAT SW APPLICATION\IAT Software Application 25 aug Current\x64\Debug\CL.9740.read.1.tlog
D:\OneDrive - SAMTEL AVIONICS LIMITED\SAMTEL Project\IAT\IAT Reference documentation\IAT SW APPLICATION\IAT Software Application 25 aug Current\x64\Debug\CL.9740.write.1.tlog
D:\OneDrive - SAMTEL AVIONICS LIMITED\SAMTEL Project\IAT\IAT Reference documentation\IAT SW APPLICATION\IAT Software Application 25 aug Current\x64\Debug\cl.command.1.tlog
D:\OneDrive - SAMTEL AVIONICS LIMITED\SAMTEL Project\IAT\IAT Reference documentation\IAT SW APPLICATION\IAT Software Application 25 aug Current\x64\Debug\CL.read.1.tlog
D:\OneDrive - SAMTEL AVIONICS LIMITED\SAMTEL Project\IAT\IAT Reference documentation\IAT SW APPLICATION\IAT Software Application 25 aug Current\x64\Debug\CL.read.2.tlog
D:\OneDrive - SAMTEL AVIONICS LIMITED\SAMTEL Project\IAT\IAT Reference documentation\IAT SW APPLICATION\IAT Software Application 25 aug Current\x64\Debug\CL.read.3.tlog
D:\OneDrive - SAMTEL AVIONICS LIMITED\SAMTEL Project\IAT\IAT Reference documentation\IAT SW APPLICATION\IAT Software Application 25 aug Current\x64\Debug\CL.read.4.tlog
D:\OneDrive - SAMTEL AVIONICS LIMITED\SAMTEL Project\IAT\IAT Reference documentation\IAT SW APPLICATION\IAT Software Application 25 aug Current\x64\Debug\CL.read.5.tlog
D:\OneDrive - SAMTEL AVIONICS LIMITED\SAMTEL Project\IAT\IAT Reference documentation\IAT SW APPLICATION\IAT Software Application 25 aug Current\x64\Debug\CL.read.6.tlog
D:\OneDrive - SAMTEL AVIONICS LIMITED\SAMTEL Project\IAT\IAT Reference documentation\IAT SW APPLICATION\IAT Software Application 25 aug Current\x64\Debug\CL.read.7.tlog
D:\OneDrive - SAMTEL AVIONICS LIMITED\SAMTEL Project\IAT\IAT Reference documentation\IAT SW APPLICATION\IAT Software Application 25 aug Current\x64\Debug\CL.read.8.tlog
D:\OneDrive - SAMTEL AVIONICS LIMITED\SAMTEL Project\IAT\IAT Reference documentation\IAT SW APPLICATION\IAT Software Application 25 aug Current\x64\Debug\cl.write.1.tlog
D:\OneDrive - SAMTEL AVIONICS LIMITED\SAMTEL Project\IAT\IAT Reference documentation\IAT SW APPLICATION\IAT Software Application 25 aug Current\x64\Debug\link-cvtres.read.1.tlog
D:\OneDrive - SAMTEL AVIONICS LIMITED\SAMTEL Project\IAT\IAT Reference documentation\IAT SW APPLICATION\IAT Software Application 25 aug Current\x64\Debug\link-cvtres.write.1.tlog
D:\OneDrive - SAMTEL AVIONICS LIMITED\SAMTEL Project\IAT\IAT Reference documentation\IAT SW APPLICATION\IAT Software Application 25 aug Current\x64\Debug\link-mt.read.1.tlog
D:\OneDrive - SAMTEL AVIONICS LIMITED\SAMTEL Project\IAT\IAT Reference documentation\IAT SW APPLICATION\IAT Software Application 25 aug Current\x64\Debug\link-mt.write.1.tlog
D:\OneDrive - SAMTEL AVIONICS LIMITED\SAMTEL Project\IAT\IAT Reference documentation\IAT SW APPLICATION\IAT Software Application 25 aug Current\x64\Debug\link-rc.read.1.tlog
D:\OneDrive - SAMTEL AVIONICS LIMITED\SAMTEL Project\IAT\IAT Reference documentation\IAT SW APPLICATION\IAT Software Application 25 aug Current\x64\Debug\link-rc.write.1.tlog
D:\OneDrive - SAMTEL AVIONICS LIMITED\SAMTEL Project\IAT\IAT Reference documentation\IAT SW APPLICATION\IAT Software Application 25 aug Current\x64\Debug\link.command.1.tlog
D:\OneDrive - SAMTEL AVIONICS LIMITED\SAMTEL Project\IAT\IAT Reference documentation\IAT SW APPLICATION\IAT Software Application 25 aug Current\x64\Debug\link.read.1.tlog
D:\OneDrive - SAMTEL AVIONICS LIMITED\SAMTEL Project\IAT\IAT Reference documentation\IAT SW APPLICATION\IAT Software Application 25 aug Current\x64\Debug\link.write.1.tlog
D:\OneDrive - SAMTEL AVIONICS LIMITED\SAMTEL Project\IAT\IAT Reference documentation\IAT SW APPLICATION\IAT Software Application 25 aug Current\x64\Debug\rc.command.1.tlog
D:\OneDrive - SAMTEL AVIONICS LIMITED\SAMTEL Project\IAT\IAT Reference documentation\IAT SW APPLICATION\IAT Software Application 25 aug Current\x64\Debug\rc.read.1.tlog
D:\OneDrive - SAMTEL AVIONICS LIMITED\SAMTEL Project\IAT\IAT Reference documentation\IAT SW APPLICATION\IAT Software Application 25 aug Current\x64\Debug\rc.write.1.tlog
D:\OneDrive - SAMTEL AVIONICS LIMITED\SAMTEL Project\IAT\IAT Reference documentation\IAT SW APPLICATION\IAT Software Application 25 aug Current\x64\Debug\SIPU_SDU_GndRig.res
D:\OneDrive - SAMTEL AVIONICS LIMITED\SAMTEL Project\IAT\IAT Reference documentation\IAT SW APPLICATION\IAT Software Application 25 aug Current\x64\Debug\ATI_UT.pdb
D:\OneDrive - SAMTEL AVIONICS LIMITED\SAMTEL Project\IAT\IAT Reference documentation\IAT SW APPLICATION\IAT Software Application 25 aug Current\x64\Debug\ATI_UT.bsc
D:\OneDrive - SAMTEL AVIONICS LIMITED\SAMTEL Project\IAT\IAT Reference documentation\IAT SW APPLICATION\IAT Software Application 25 aug Current\x64\Debug\AddUser.sbr
D:\OneDrive - SAMTEL AVIONICS LIMITED\SAMTEL Project\IAT\IAT Reference documentation\IAT SW APPLICATION\IAT Software Application 25 aug Current\x64\Debug\Arinc429.sbr
D:\OneDrive - SAMTEL AVIONICS LIMITED\SAMTEL Project\IAT\IAT Reference documentation\IAT SW APPLICATION\IAT Software Application 25 aug Current\x64\Debug\BenchSelfTest.sbr
D:\OneDrive - SAMTEL AVIONICS LIMITED\SAMTEL Project\IAT\IAT Reference documentation\IAT SW APPLICATION\IAT Software Application 25 aug Current\x64\Debug\BezelKeyTest.sbr
D:\OneDrive - SAMTEL AVIONICS LIMITED\SAMTEL Project\IAT\IAT Reference documentation\IAT SW APPLICATION\IAT Software Application 25 aug Current\x64\Debug\Bezel_5VAC.sbr
D:\OneDrive - SAMTEL AVIONICS LIMITED\SAMTEL Project\IAT\IAT Reference documentation\IAT SW APPLICATION\IAT Software Application 25 aug Current\x64\Debug\Bezel_SelfTest.sbr
D:\OneDrive - SAMTEL AVIONICS LIMITED\SAMTEL Project\IAT\IAT Reference documentation\IAT SW APPLICATION\IAT Software Application 25 aug Current\x64\Debug\Bezel_SensorMax.sbr
D:\OneDrive - SAMTEL AVIONICS LIMITED\SAMTEL Project\IAT\IAT Reference documentation\IAT SW APPLICATION\IAT Software Application 25 aug Current\x64\Debug\Bezel_SensorMin.sbr
D:\OneDrive - SAMTEL AVIONICS LIMITED\SAMTEL Project\IAT\IAT Reference documentation\IAT SW APPLICATION\IAT Software Application 25 aug Current\x64\Debug\Bez_5VDC.sbr
D:\OneDrive - SAMTEL AVIONICS LIMITED\SAMTEL Project\IAT\IAT Reference documentation\IAT SW APPLICATION\IAT Software Application 25 aug Current\x64\Debug\Bonding_Insulation_Dlg.sbr
D:\OneDrive - SAMTEL AVIONICS LIMITED\SAMTEL Project\IAT\IAT Reference documentation\IAT SW APPLICATION\IAT Software Application 25 aug Current\x64\Debug\CaptionBar.sbr
D:\OneDrive - SAMTEL AVIONICS LIMITED\SAMTEL Project\IAT\IAT Reference documentation\IAT SW APPLICATION\IAT Software Application 25 aug Current\x64\Debug\CaptionListView.sbr
D:\OneDrive - SAMTEL AVIONICS LIMITED\SAMTEL Project\IAT\IAT Reference documentation\IAT SW APPLICATION\IAT Software Application 25 aug Current\x64\Debug\CaptionView.sbr
D:\OneDrive - SAMTEL AVIONICS LIMITED\SAMTEL Project\IAT\IAT Reference documentation\IAT SW APPLICATION\IAT Software Application 25 aug Current\x64\Debug\CHANGEPASSWORD.sbr
D:\OneDrive - SAMTEL AVIONICS LIMITED\SAMTEL Project\IAT\IAT Reference documentation\IAT SW APPLICATION\IAT Software Application 25 aug Current\x64\Debug\Cursor.sbr
D:\OneDrive - SAMTEL AVIONICS LIMITED\SAMTEL Project\IAT\IAT Reference documentation\IAT SW APPLICATION\IAT Software Application 25 aug Current\x64\Debug\DataStruct.sbr
D:\OneDrive - SAMTEL AVIONICS LIMITED\SAMTEL Project\IAT\IAT Reference documentation\IAT SW APPLICATION\IAT Software Application 25 aug Current\x64\Debug\demos.sbr
D:\OneDrive - SAMTEL AVIONICS LIMITED\SAMTEL Project\IAT\IAT Reference documentation\IAT SW APPLICATION\IAT Software Application 25 aug Current\x64\Debug\DialogSIGNAL.sbr
D:\OneDrive - SAMTEL AVIONICS LIMITED\SAMTEL Project\IAT\IAT Reference documentation\IAT SW APPLICATION\IAT Software Application 25 aug Current\x64\Debug\DialogSmfdAHRS.sbr
D:\OneDrive - SAMTEL AVIONICS LIMITED\SAMTEL Project\IAT\IAT Reference documentation\IAT SW APPLICATION\IAT Software Application 25 aug Current\x64\Debug\DialogSmfd_ADC.sbr
D:\OneDrive - SAMTEL AVIONICS LIMITED\SAMTEL Project\IAT\IAT Reference documentation\IAT SW APPLICATION\IAT Software Application 25 aug Current\x64\Debug\DialogSmfd_Tacan.sbr
D:\OneDrive - SAMTEL AVIONICS LIMITED\SAMTEL Project\IAT\IAT Reference documentation\IAT SW APPLICATION\IAT Software Application 25 aug Current\x64\Debug\DialogStop.sbr
D:\OneDrive - SAMTEL AVIONICS LIMITED\SAMTEL Project\IAT\IAT Reference documentation\IAT SW APPLICATION\IAT Software Application 25 aug Current\x64\Debug\Dialog_ADC_AIR1.sbr
D:\OneDrive - SAMTEL AVIONICS LIMITED\SAMTEL Project\IAT\IAT Reference documentation\IAT SW APPLICATION\IAT Software Application 25 aug Current\x64\Debug\Dialog_ADC_AIR2.sbr
D:\OneDrive - SAMTEL AVIONICS LIMITED\SAMTEL Project\IAT\IAT Reference documentation\IAT SW APPLICATION\IAT Software Application 25 aug Current\x64\Debug\Dialog_ADC_AIR3.sbr
D:\OneDrive - SAMTEL AVIONICS LIMITED\SAMTEL Project\IAT\IAT Reference documentation\IAT SW APPLICATION\IAT Software Application 25 aug Current\x64\Debug\Dialog_ADC_Airspeed.sbr
D:\OneDrive - SAMTEL AVIONICS LIMITED\SAMTEL Project\IAT\IAT Reference documentation\IAT SW APPLICATION\IAT Software Application 25 aug Current\x64\Debug\Dialog_ADC_ALTI2.sbr
D:\OneDrive - SAMTEL AVIONICS LIMITED\SAMTEL Project\IAT\IAT Reference documentation\IAT SW APPLICATION\IAT Software Application 25 aug Current\x64\Debug\Dialog_ADC_ALTI3.sbr
D:\OneDrive - SAMTEL AVIONICS LIMITED\SAMTEL Project\IAT\IAT Reference documentation\IAT SW APPLICATION\IAT Software Application 25 aug Current\x64\Debug\Dialog_ADC_ALTIRATE.sbr
D:\OneDrive - SAMTEL AVIONICS LIMITED\SAMTEL Project\IAT\IAT Reference documentation\IAT SW APPLICATION\IAT Software Application 25 aug Current\x64\Debug\Dialog_ADC_FUNCHK.sbr
D:\OneDrive - SAMTEL AVIONICS LIMITED\SAMTEL Project\IAT\IAT Reference documentation\IAT SW APPLICATION\IAT Software Application 25 aug Current\x64\Debug\Dialog_ADC_LEAK.sbr
D:\OneDrive - SAMTEL AVIONICS LIMITED\SAMTEL Project\IAT\IAT Reference documentation\IAT SW APPLICATION\IAT Software Application 25 aug Current\x64\Debug\Dialog_ADC_MACH2.sbr
D:\OneDrive - SAMTEL AVIONICS LIMITED\SAMTEL Project\IAT\IAT Reference documentation\IAT SW APPLICATION\IAT Software Application 25 aug Current\x64\Debug\Dialog_ADC_MachCHK.sbr
D:\OneDrive - SAMTEL AVIONICS LIMITED\SAMTEL Project\IAT\IAT Reference documentation\IAT SW APPLICATION\IAT Software Application 25 aug Current\x64\Debug\Dialog_ADC_Visual.sbr
D:\OneDrive - SAMTEL AVIONICS LIMITED\SAMTEL Project\IAT\IAT Reference documentation\IAT SW APPLICATION\IAT Software Application 25 aug Current\x64\Debug\Dialog_AHRS_PWR.sbr
D:\OneDrive - SAMTEL AVIONICS LIMITED\SAMTEL Project\IAT\IAT Reference documentation\IAT SW APPLICATION\IAT Software Application 25 aug Current\x64\Debug\Dialog_AHRS_QualityChecks.sbr
D:\OneDrive - SAMTEL AVIONICS LIMITED\SAMTEL Project\IAT\IAT Reference documentation\IAT SW APPLICATION\IAT Software Application 25 aug Current\x64\Debug\Dialog_AHRS_VISUAL.sbr
D:\OneDrive - SAMTEL AVIONICS LIMITED\SAMTEL Project\IAT\IAT Reference documentation\IAT SW APPLICATION\IAT Software Application 25 aug Current\x64\Debug\Dialog_GPS_DBInfo.sbr
D:\OneDrive - SAMTEL AVIONICS LIMITED\SAMTEL Project\IAT\IAT Reference documentation\IAT SW APPLICATION\IAT Software Application 25 aug Current\x64\Debug\Dialog_GPS_PWR.sbr
D:\OneDrive - SAMTEL AVIONICS LIMITED\SAMTEL Project\IAT\IAT Reference documentation\IAT SW APPLICATION\IAT Software Application 25 aug Current\x64\Debug\Dialog_GPS_SYSINFO.sbr
D:\OneDrive - SAMTEL AVIONICS LIMITED\SAMTEL Project\IAT\IAT Reference documentation\IAT SW APPLICATION\IAT Software Application 25 aug Current\x64\Debug\Dialog_GPS_VISUAL.sbr
D:\OneDrive - SAMTEL AVIONICS LIMITED\SAMTEL Project\IAT\IAT Reference documentation\IAT SW APPLICATION\IAT Software Application 25 aug Current\x64\Debug\Dialog_ISIS_ALN.sbr
D:\OneDrive - SAMTEL AVIONICS LIMITED\SAMTEL Project\IAT\IAT Reference documentation\IAT SW APPLICATION\IAT Software Application 25 aug Current\x64\Debug\Dialog_ISIS_BRTCHK.sbr
D:\OneDrive - SAMTEL AVIONICS LIMITED\SAMTEL Project\IAT\IAT Reference documentation\IAT SW APPLICATION\IAT Software Application 25 aug Current\x64\Debug\Dialog_ISIS_IBIT.sbr
D:\OneDrive - SAMTEL AVIONICS LIMITED\SAMTEL Project\IAT\IAT Reference documentation\IAT SW APPLICATION\IAT Software Application 25 aug Current\x64\Debug\Dialog_ISIS_NAVMODE.sbr
D:\OneDrive - SAMTEL AVIONICS LIMITED\SAMTEL Project\IAT\IAT Reference documentation\IAT SW APPLICATION\IAT Software Application 25 aug Current\x64\Debug\Dialog_Smfd_Adc_RC.sbr
D:\OneDrive - SAMTEL AVIONICS LIMITED\SAMTEL Project\IAT\IAT Reference documentation\IAT SW APPLICATION\IAT Software Application 25 aug Current\x64\Debug\Dialog_Smfd_AHRS_RC.sbr
D:\OneDrive - SAMTEL AVIONICS LIMITED\SAMTEL Project\IAT\IAT Reference documentation\IAT SW APPLICATION\IAT Software Application 25 aug Current\x64\Debug\Dialog_Smfd_Analog.sbr
D:\OneDrive - SAMTEL AVIONICS LIMITED\SAMTEL Project\IAT\IAT Reference documentation\IAT SW APPLICATION\IAT Software Application 25 aug Current\x64\Debug\Dialog_Smfd_Analog1_RC.sbr
D:\OneDrive - SAMTEL AVIONICS LIMITED\SAMTEL Project\IAT\IAT Reference documentation\IAT SW APPLICATION\IAT Software Application 25 aug Current\x64\Debug\Dialog_Smfd_Analog2.sbr
D:\OneDrive - SAMTEL AVIONICS LIMITED\SAMTEL Project\IAT\IAT Reference documentation\IAT SW APPLICATION\IAT Software Application 25 aug Current\x64\Debug\Dialog_Smfd_Analog_RC.sbr
D:\OneDrive - SAMTEL AVIONICS LIMITED\SAMTEL Project\IAT\IAT Reference documentation\IAT SW APPLICATION\IAT Software Application 25 aug Current\x64\Debug\Dialog_Smfd_Discrete.sbr
D:\OneDrive - SAMTEL AVIONICS LIMITED\SAMTEL Project\IAT\IAT Reference documentation\IAT SW APPLICATION\IAT Software Application 25 aug Current\x64\Debug\Dialog_Smfd_Discrete_RC.sbr
D:\OneDrive - SAMTEL AVIONICS LIMITED\SAMTEL Project\IAT\IAT Reference documentation\IAT SW APPLICATION\IAT Software Application 25 aug Current\x64\Debug\Dialog_Smfd_Fuel.sbr
D:\OneDrive - SAMTEL AVIONICS LIMITED\SAMTEL Project\IAT\IAT Reference documentation\IAT SW APPLICATION\IAT Software Application 25 aug Current\x64\Debug\Dialog_Smfd_Fuel_RC.sbr
D:\OneDrive - SAMTEL AVIONICS LIMITED\SAMTEL Project\IAT\IAT Reference documentation\IAT SW APPLICATION\IAT Software Application 25 aug Current\x64\Debug\Dialog_SMFD_GPS.sbr
D:\OneDrive - SAMTEL AVIONICS LIMITED\SAMTEL Project\IAT\IAT Reference documentation\IAT SW APPLICATION\IAT Software Application 25 aug Current\x64\Debug\Dialog_Smfd_Gps_RC.sbr
D:\OneDrive - SAMTEL AVIONICS LIMITED\SAMTEL Project\IAT\IAT Reference documentation\IAT SW APPLICATION\IAT Software Application 25 aug Current\x64\Debug\Dialog_SMFD_PWR.sbr
D:\OneDrive - SAMTEL AVIONICS LIMITED\SAMTEL Project\IAT\IAT Reference documentation\IAT SW APPLICATION\IAT Software Application 25 aug Current\x64\Debug\Dialog_Smfd_Pwr_RC.sbr
D:\OneDrive - SAMTEL AVIONICS LIMITED\SAMTEL Project\IAT\IAT Reference documentation\IAT SW APPLICATION\IAT Software Application 25 aug Current\x64\Debug\Dialog_Smfd_Rev_Page.sbr
D:\OneDrive - SAMTEL AVIONICS LIMITED\SAMTEL Project\IAT\IAT Reference documentation\IAT SW APPLICATION\IAT Software Application 25 aug Current\x64\Debug\Dialog_Smfd_Rev_RC.sbr
D:\OneDrive - SAMTEL AVIONICS LIMITED\SAMTEL Project\IAT\IAT Reference documentation\IAT SW APPLICATION\IAT Software Application 25 aug Current\x64\Debug\Dialog_SMFD_SW.sbr
D:\OneDrive - SAMTEL AVIONICS LIMITED\SAMTEL Project\IAT\IAT Reference documentation\IAT SW APPLICATION\IAT Software Application 25 aug Current\x64\Debug\Dialog_Smfd_Sw_RC.sbr
D:\OneDrive - SAMTEL AVIONICS LIMITED\SAMTEL Project\IAT\IAT Reference documentation\IAT SW APPLICATION\IAT Software Application 25 aug Current\x64\Debug\Dialog_Smfd_Tacan_RC.sbr
D:\OneDrive - SAMTEL AVIONICS LIMITED\SAMTEL Project\IAT\IAT Reference documentation\IAT SW APPLICATION\IAT Software Application 25 aug Current\x64\Debug\Dialog_Smfd_Visual.sbr
D:\OneDrive - SAMTEL AVIONICS LIMITED\SAMTEL Project\IAT\IAT Reference documentation\IAT SW APPLICATION\IAT Software Application 25 aug Current\x64\Debug\Dialog_Smfd_Visual_RC.sbr
D:\OneDrive - SAMTEL AVIONICS LIMITED\SAMTEL Project\IAT\IAT Reference documentation\IAT SW APPLICATION\IAT Software Application 25 aug Current\x64\Debug\Dialog_Smfd_VORILS.sbr
D:\OneDrive - SAMTEL AVIONICS LIMITED\SAMTEL Project\IAT\IAT Reference documentation\IAT SW APPLICATION\IAT Software Application 25 aug Current\x64\Debug\Dialog_Smfd_Vorils_RC.sbr
D:\OneDrive - SAMTEL AVIONICS LIMITED\SAMTEL Project\IAT\IAT Reference documentation\IAT SW APPLICATION\IAT Software Application 25 aug Current\x64\Debug\Dialog_VORTAC_PWR.sbr
D:\OneDrive - SAMTEL AVIONICS LIMITED\SAMTEL Project\IAT\IAT Reference documentation\IAT SW APPLICATION\IAT Software Application 25 aug Current\x64\Debug\Dialog_VORTAC_Visual.sbr
D:\OneDrive - SAMTEL AVIONICS LIMITED\SAMTEL Project\IAT\IAT Reference documentation\IAT SW APPLICATION\IAT Software Application 25 aug Current\x64\Debug\Dlg_ADC_PWR.sbr
D:\OneDrive - SAMTEL AVIONICS LIMITED\SAMTEL Project\IAT\IAT Reference documentation\IAT SW APPLICATION\IAT Software Application 25 aug Current\x64\Debug\Dlg_ISIS_ADUTest.sbr
D:\OneDrive - SAMTEL AVIONICS LIMITED\SAMTEL Project\IAT\IAT Reference documentation\IAT SW APPLICATION\IAT Software Application 25 aug Current\x64\Debug\Dlg_ISIS_AHRS.sbr
D:\OneDrive - SAMTEL AVIONICS LIMITED\SAMTEL Project\IAT\IAT Reference documentation\IAT SW APPLICATION\IAT Software Application 25 aug Current\x64\Debug\Dlg_ISIS_PWR.sbr
D:\OneDrive - SAMTEL AVIONICS LIMITED\SAMTEL Project\IAT\IAT Reference documentation\IAT SW APPLICATION\IAT Software Application 25 aug Current\x64\Debug\Dlg_ISIS_SWCHK.sbr
D:\OneDrive - SAMTEL AVIONICS LIMITED\SAMTEL Project\IAT\IAT Reference documentation\IAT SW APPLICATION\IAT Software Application 25 aug Current\x64\Debug\DU_CBIT_Test.sbr
D:\OneDrive - SAMTEL AVIONICS LIMITED\SAMTEL Project\IAT\IAT Reference documentation\IAT SW APPLICATION\IAT Software Application 25 aug Current\x64\Debug\DU_Color_Page.sbr
D:\OneDrive - SAMTEL AVIONICS LIMITED\SAMTEL Project\IAT\IAT Reference documentation\IAT SW APPLICATION\IAT Software Application 25 aug Current\x64\Debug\DU_IBIT_Test.sbr
D:\OneDrive - SAMTEL AVIONICS LIMITED\SAMTEL Project\IAT\IAT Reference documentation\IAT SW APPLICATION\IAT Software Application 25 aug Current\x64\Debug\DU_Mode_Page.sbr
D:\OneDrive - SAMTEL AVIONICS LIMITED\SAMTEL Project\IAT\IAT Reference documentation\IAT SW APPLICATION\IAT Software Application 25 aug Current\x64\Debug\Ethernet_Communication.sbr
D:\OneDrive - SAMTEL AVIONICS LIMITED\SAMTEL Project\IAT\IAT Reference documentation\IAT SW APPLICATION\IAT Software Application 25 aug Current\x64\Debug\font.sbr
D:\OneDrive - SAMTEL AVIONICS LIMITED\SAMTEL Project\IAT\IAT Reference documentation\IAT SW APPLICATION\IAT Software Application 25 aug Current\x64\Debug\FormEmpty.sbr
D:\OneDrive - SAMTEL AVIONICS LIMITED\SAMTEL Project\IAT\IAT Reference documentation\IAT SW APPLICATION\IAT Software Application 25 aug Current\x64\Debug\gfx_printjob.sbr
D:\OneDrive - SAMTEL AVIONICS LIMITED\SAMTEL Project\IAT\IAT Reference documentation\IAT SW APPLICATION\IAT Software Application 25 aug Current\x64\Debug\gfx_printunit.sbr
D:\OneDrive - SAMTEL AVIONICS LIMITED\SAMTEL Project\IAT\IAT Reference documentation\IAT SW APPLICATION\IAT Software Application 25 aug Current\x64\Debug\Globals.sbr
D:\OneDrive - SAMTEL AVIONICS LIMITED\SAMTEL Project\IAT\IAT Reference documentation\IAT SW APPLICATION\IAT Software Application 25 aug Current\x64\Debug\helper.sbr
D:\OneDrive - SAMTEL AVIONICS LIMITED\SAMTEL Project\IAT\IAT Reference documentation\IAT SW APPLICATION\IAT Software Application 25 aug Current\x64\Debug\HlprFuncs.sbr
D:\OneDrive - SAMTEL AVIONICS LIMITED\SAMTEL Project\IAT\IAT Reference documentation\IAT SW APPLICATION\IAT Software Application 25 aug Current\x64\Debug\led.sbr
D:\OneDrive - SAMTEL AVIONICS LIMITED\SAMTEL Project\IAT\IAT Reference documentation\IAT SW APPLICATION\IAT Software Application 25 aug Current\x64\Debug\MainFrm.sbr
D:\OneDrive - SAMTEL AVIONICS LIMITED\SAMTEL Project\IAT\IAT Reference documentation\IAT SW APPLICATION\IAT Software Application 25 aug Current\x64\Debug\Mechanical_Test_Dlg.sbr
D:\OneDrive - SAMTEL AVIONICS LIMITED\SAMTEL Project\IAT\IAT Reference documentation\IAT SW APPLICATION\IAT Software Application 25 aug Current\x64\Debug\MessageBox_Dlg.sbr
D:\OneDrive - SAMTEL AVIONICS LIMITED\SAMTEL Project\IAT\IAT Reference documentation\IAT SW APPLICATION\IAT Software Application 25 aug Current\x64\Debug\MIL1553B_Communication.sbr
D:\OneDrive - SAMTEL AVIONICS LIMITED\SAMTEL Project\IAT\IAT Reference documentation\IAT SW APPLICATION\IAT Software Application 25 aug Current\x64\Debug\Mouse.sbr
D:\OneDrive - SAMTEL AVIONICS LIMITED\SAMTEL Project\IAT\IAT Reference documentation\IAT SW APPLICATION\IAT Software Application 25 aug Current\x64\Debug\MyCEditView.sbr
D:\OneDrive - SAMTEL AVIONICS LIMITED\SAMTEL Project\IAT\IAT Reference documentation\IAT SW APPLICATION\IAT Software Application 25 aug Current\x64\Debug\MyListView.sbr
D:\OneDrive - SAMTEL AVIONICS LIMITED\SAMTEL Project\IAT\IAT Reference documentation\IAT SW APPLICATION\IAT Software Application 25 aug Current\x64\Debug\MySplitterClass.sbr
D:\OneDrive - SAMTEL AVIONICS LIMITED\SAMTEL Project\IAT\IAT Reference documentation\IAT SW APPLICATION\IAT Software Application 25 aug Current\x64\Debug\Optical_Brt_Day.sbr
D:\OneDrive - SAMTEL AVIONICS LIMITED\SAMTEL Project\IAT\IAT Reference documentation\IAT SW APPLICATION\IAT Software Application 25 aug Current\x64\Debug\Optical_Brt_Night.sbr
D:\OneDrive - SAMTEL AVIONICS LIMITED\SAMTEL Project\IAT\IAT Reference documentation\IAT SW APPLICATION\IAT Software Application 25 aug Current\x64\Debug\Optical_Brt_NonUniformity.sbr
D:\OneDrive - SAMTEL AVIONICS LIMITED\SAMTEL Project\IAT\IAT Reference documentation\IAT SW APPLICATION\IAT Software Application 25 aug Current\x64\Debug\Optical_Chromaticity_Day.sbr
D:\OneDrive - SAMTEL AVIONICS LIMITED\SAMTEL Project\IAT\IAT Reference documentation\IAT SW APPLICATION\IAT Software Application 25 aug Current\x64\Debug\Optical_Chromaticity_Night.sbr
D:\OneDrive - SAMTEL AVIONICS LIMITED\SAMTEL Project\IAT\IAT Reference documentation\IAT SW APPLICATION\IAT Software Application 25 aug Current\x64\Debug\Optical_Contrast_Ratio.sbr
D:\OneDrive - SAMTEL AVIONICS LIMITED\SAMTEL Project\IAT\IAT Reference documentation\IAT SW APPLICATION\IAT Software Application 25 aug Current\x64\Debug\Optical_Contrast_White.sbr
D:\OneDrive - SAMTEL AVIONICS LIMITED\SAMTEL Project\IAT\IAT Reference documentation\IAT SW APPLICATION\IAT Software Application 25 aug Current\x64\Debug\Optical_Display_Area.sbr
D:\OneDrive - SAMTEL AVIONICS LIMITED\SAMTEL Project\IAT\IAT Reference documentation\IAT SW APPLICATION\IAT Software Application 25 aug Current\x64\Debug\Optical_Pixel_Defect.sbr
D:\OneDrive - SAMTEL AVIONICS LIMITED\SAMTEL Project\IAT\IAT Reference documentation\IAT SW APPLICATION\IAT Software Application 25 aug Current\x64\Debug\picture.sbr
D:\OneDrive - SAMTEL AVIONICS LIMITED\SAMTEL Project\IAT\IAT Reference documentation\IAT SW APPLICATION\IAT Software Application 25 aug Current\x64\Debug\Picture1.sbr
D:\OneDrive - SAMTEL AVIONICS LIMITED\SAMTEL Project\IAT\IAT Reference documentation\IAT SW APPLICATION\IAT Software Application 25 aug Current\x64\Debug\PlxInit.sbr
D:\OneDrive - SAMTEL AVIONICS LIMITED\SAMTEL Project\IAT\IAT Reference documentation\IAT SW APPLICATION\IAT Software Application 25 aug Current\x64\Debug\PowerInterruption.sbr
D:\OneDrive - SAMTEL AVIONICS LIMITED\SAMTEL Project\IAT\IAT Reference documentation\IAT SW APPLICATION\IAT Software Application 25 aug Current\x64\Debug\Power_Day.sbr
D:\OneDrive - SAMTEL AVIONICS LIMITED\SAMTEL Project\IAT\IAT Reference documentation\IAT SW APPLICATION\IAT Software Application 25 aug Current\x64\Debug\ProgressDlg.sbr
D:\OneDrive - SAMTEL AVIONICS LIMITED\SAMTEL Project\IAT\IAT Reference documentation\IAT SW APPLICATION\IAT Software Application 25 aug Current\x64\Debug\rowcursor.sbr
D:\OneDrive - SAMTEL AVIONICS LIMITED\SAMTEL Project\IAT\IAT Reference documentation\IAT SW APPLICATION\IAT Software Application 25 aug Current\x64\Debug\RS422_PORT1.sbr
D:\OneDrive - SAMTEL AVIONICS LIMITED\SAMTEL Project\IAT\IAT Reference documentation\IAT SW APPLICATION\IAT Software Application 25 aug Current\x64\Debug\RS422_Port2.sbr
D:\OneDrive - SAMTEL AVIONICS LIMITED\SAMTEL Project\IAT\IAT Reference documentation\IAT SW APPLICATION\IAT Software Application 25 aug Current\x64\Debug\Schedule.sbr
D:\OneDrive - SAMTEL AVIONICS LIMITED\SAMTEL Project\IAT\IAT Reference documentation\IAT SW APPLICATION\IAT Software Application 25 aug Current\x64\Debug\SerialPort.sbr
D:\OneDrive - SAMTEL AVIONICS LIMITED\SAMTEL Project\IAT\IAT Reference documentation\IAT SW APPLICATION\IAT Software Application 25 aug Current\x64\Debug\SIPUPowerONPage.sbr
D:\OneDrive - SAMTEL AVIONICS LIMITED\SAMTEL Project\IAT\IAT Reference documentation\IAT SW APPLICATION\IAT Software Application 25 aug Current\x64\Debug\SIPU_SDU_GndRig.sbr
D:\OneDrive - SAMTEL AVIONICS LIMITED\SAMTEL Project\IAT\IAT Reference documentation\IAT SW APPLICATION\IAT Software Application 25 aug Current\x64\Debug\SIPU_SDU_GndRigDoc.sbr
D:\OneDrive - SAMTEL AVIONICS LIMITED\SAMTEL Project\IAT\IAT Reference documentation\IAT SW APPLICATION\IAT Software Application 25 aug Current\x64\Debug\SIPU_SDU_GndRigView.sbr
D:\OneDrive - SAMTEL AVIONICS LIMITED\SAMTEL Project\IAT\IAT Reference documentation\IAT SW APPLICATION\IAT Software Application 25 aug Current\x64\Debug\Splach.sbr
D:\OneDrive - SAMTEL AVIONICS LIMITED\SAMTEL Project\IAT\IAT Reference documentation\IAT SW APPLICATION\IAT Software Application 25 aug Current\x64\Debug\StdAfx.sbr
D:\OneDrive - SAMTEL AVIONICS LIMITED\SAMTEL Project\IAT\IAT Reference documentation\IAT SW APPLICATION\IAT Software Application 25 aug Current\x64\Debug\TestTable.sbr
D:\OneDrive - SAMTEL AVIONICS LIMITED\SAMTEL Project\IAT\IAT Reference documentation\IAT SW APPLICATION\IAT Software Application 25 aug Current\x64\Debug\unit_headerpage.sbr
D:\OneDrive - SAMTEL AVIONICS LIMITED\SAMTEL Project\IAT\IAT Reference documentation\IAT SW APPLICATION\IAT Software Application 25 aug Current\x64\Debug\unit_indexpage.sbr
D:\OneDrive - SAMTEL AVIONICS LIMITED\SAMTEL Project\IAT\IAT Reference documentation\IAT SW APPLICATION\IAT Software Application 25 aug Current\x64\Debug\unit_table1.sbr
D:\OneDrive - SAMTEL AVIONICS LIMITED\SAMTEL Project\IAT\IAT Reference documentation\IAT SW APPLICATION\IAT Software Application 25 aug Current\x64\Debug\USB_Communication.sbr
D:\OneDrive - SAMTEL AVIONICS LIMITED\SAMTEL Project\IAT\IAT Reference documentation\IAT SW APPLICATION\IAT Software Application 25 aug Current\x64\Debug\UserAuthendication.sbr
D:\OneDrive - SAMTEL AVIONICS LIMITED\SAMTEL Project\IAT\IAT Reference documentation\IAT SW APPLICATION\IAT Software Application 25 aug Current\x64\Debug\VisualInspection.sbr
D:\OneDrive - SAMTEL AVIONICS LIMITED\SAMTEL Project\IAT\IAT Reference documentation\IAT SW APPLICATION\IAT Software Application 25 aug Current\x64\Debug\Visual_LCDPanelChecks.sbr
D:\OneDrive - SAMTEL AVIONICS LIMITED\SAMTEL Project\IAT\IAT Reference documentation\IAT SW APPLICATION\IAT Software Application 25 aug Current\x64\Debug\WndSlider.sbr
D:\OneDrive - SAMTEL AVIONICS LIMITED\SAMTEL Project\IAT\IAT Reference documentation\IAT SW APPLICATION\IAT Software Application 25 aug Current\x64\Debug\XComboList.sbr
D:\OneDrive - SAMTEL AVIONICS LIMITED\SAMTEL Project\IAT\IAT Reference documentation\IAT SW APPLICATION\IAT Software Application 25 aug Current\x64\Debug\XHeaderCtrl.sbr
D:\OneDrive - SAMTEL AVIONICS LIMITED\SAMTEL Project\IAT\IAT Reference documentation\IAT SW APPLICATION\IAT Software Application 25 aug Current\x64\Debug\XListCtrl.sbr
D:\OneDrive - SAMTEL AVIONICS LIMITED\SAMTEL Project\IAT\IAT Reference documentation\IAT SW APPLICATION\IAT Software Application 25 aug Current\x64\Debug\XTOutlookBar.sbr
D:\OneDrive - SAMTEL AVIONICS LIMITED\SAMTEL Project\IAT\IAT Reference documentation\IAT SW APPLICATION\IAT Software Application 25 aug Current\x64\Debug\XTPagerCtrl.sbr
D:\OneDrive - SAMTEL AVIONICS LIMITED\SAMTEL Project\IAT\IAT Reference documentation\IAT SW APPLICATION\IAT Software Application 25 aug Current\x64\Debug\ATI_UT.exe
